region,short_name,diff,kind,lag,value,lo,hi
Portugal,Portugal,1,ACF,0,1.0,0.0,0.0
Portugal,Portugal,1,ACF,1,0.6894,-0.1453,0.1453
Portugal,Portugal,1,ACF,2,0.6135,-0.2029,0.2029
Portugal,Portugal,1,ACF,3,0.4324,-0.2389,0.2389
Portugal,Portugal,1,ACF,4,0.5444,-0.2548,0.2548
Portugal,Portugal,1,ACF,5,0.5326,-0.2783,0.2783
Portugal,Portugal,1,ACF,6,0.5359,-0.2991,0.2991
Portugal,Portugal,1,ACF,7,0.5163,-0.3187,0.3187
Portugal,Portugal,1,ACF,8,0.4558,-0.3359,0.3359
Portugal,Portugal,1,ACF,9,0.395,-0.3487,0.3487
Portugal,Portugal,1,ACF,10,0.3439,-0.358,0.358
Portugal,Portugal,1,ACF,11,0.3727,-0.3649,0.3649
Portugal,Portugal,1,ACF,12,0.3959,-0.3729,0.3729
Portugal,Portugal,1,ACF,13,0.3907,-0.3816,0.3816
Portugal,Portugal,1,ACF,14,0.3925,-0.39,0.39
Portugal,Portugal,1,ACF,15,0.2981,-0.3982,0.3982
Portugal,Portugal,1,ACF,16,0.2729,-0.4029,0.4029
Portugal,Portugal,1,ACF,17,0.1799,-0.4068,0.4068
Portugal,Portugal,1,ACF,18,0.2062,-0.4085,0.4085
Portugal,Portugal,1,ACF,19,0.1622,-0.4107,0.4107
Portugal,Portugal,1,ACF,20,0.2168,-0.412,0.412
Portugal,Portugal,1,ACF,21,0.202,-0.4144,0.4144
Portugal,Portugal,1,ACF,22,0.2164,-0.4165,0.4165
Portugal,Portugal,1,ACF,23,0.122,-0.4188,0.4188
Portugal,Portugal,1,ACF,24,0.1133,-0.4196,0.4196
Portugal,Portugal,1,PACF,0,1.0,0.0,0.0
Portugal,Portugal,1,PACF,1,0.6932,-0.1453,0.1453
Portugal,Portugal,1,PACF,2,0.2692,-0.1453,0.1453
Portugal,Portugal,1,PACF,3,-0.127,-0.1453,0.1453
Portugal,Portugal,1,PACF,4,0.422,-0.1453,0.1453
Portugal,Portugal,1,PACF,5,0.1535,-0.1453,0.1453
Portugal,Portugal,1,PACF,6,-0.0418,-0.1453,0.1453
Portugal,Portugal,1,PACF,7,0.2374,-0.1453,0.1453
Portugal,Portugal,1,PACF,8,-0.0744,-0.1453,0.1453
Portugal,Portugal,1,PACF,9,-0.156,-0.1453,0.1453
Portugal,Portugal,1,PACF,10,0.0649,-0.1453,0.1453
Portugal,Portugal,1,PACF,11,0.0478,-0.1453,0.1453
Portugal,Portugal,1,PACF,12,0.0134,-0.1453,0.1453
Portugal,Portugal,1,PACF,13,0.0434,-0.1453,0.1453
Portugal,Portugal,1,PACF,14,0.1407,-0.1453,0.1453
Portugal,Portugal,1,PACF,15,-0.2123,-0.1453,0.1453
Portugal,Portugal,1,PACF,16,-0.0301,-0.1453,0.1453
Portugal,Portugal,1,PACF,17,-0.0769,-0.1453,0.1453
Portugal,Portugal,1,PACF,18,-0.1426,-0.1453,0.1453
Portugal,Portugal,1,PACF,19,-0.0643,-0.1453,0.1453
Portugal,Portugal,1,PACF,20,0.155,-0.1453,0.1453
Portugal,Portugal,1,PACF,21,0.0516,-0.1453,0.1453
Portugal,Portugal,1,PACF,22,0.0608,-0.1453,0.1453
Portugal,Portugal,1,PACF,23,-0.0698,-0.1453,0.1453
Portugal,Portugal,1,PACF,24,0.0464,-0.1453,0.1453
Portugal,Portugal,2,ACF,0,1.0,0.0,0.0
Portugal,Portugal,2,ACF,1,-0.3721,-0.1457,0.1457
Portugal,Portugal,2,ACF,2,0.1658,-0.1646,0.1646
Portugal,Portugal,2,ACF,3,-0.4823,-0.1681,0.1681
Portugal,Portugal,2,ACF,4,0.1839,-0.1953,0.1953
Portugal,Portugal,2,ACF,5,-0.0181,-0.1989,0.1989
Portugal,Portugal,2,ACF,6,0.0367,-0.199,0.199
Portugal,Portugal,2,ACF,7,0.0859,-0.1991,0.1991
Portugal,Portugal,2,ACF,8,-0.0236,-0.1999,0.1999
Portugal,Portugal,2,ACF,9,-0.0025,-0.2,0.2
Portugal,Portugal,2,ACF,10,-0.1235,-0.2,0.2
Portugal,Portugal,2,ACF,11,0.0105,-0.2016,0.2016
Portugal,Portugal,2,ACF,12,0.0133,-0.2016,0.2016
Portugal,Portugal,2,ACF,13,-0.0101,-0.2016,0.2016
Portugal,Portugal,2,ACF,14,0.1758,-0.2016,0.2016
Portugal,Portugal,2,ACF,15,-0.0771,-0.2048,0.2048
Portugal,Portugal,2,ACF,16,0.0911,-0.2055,0.2055
Portugal,Portugal,2,ACF,17,-0.2131,-0.2063,0.2063
Portugal,Portugal,2,ACF,18,0.1082,-0.2109,0.2109
Portugal,Portugal,2,ACF,19,-0.1572,-0.2121,0.2121
Portugal,Portugal,2,ACF,20,0.1279,-0.2146,0.2146
Portugal,Portugal,2,ACF,21,-0.0286,-0.2162,0.2162
Portugal,Portugal,2,ACF,22,0.1714,-0.2163,0.2163
Portugal,Portugal,2,ACF,23,-0.1455,-0.2191,0.2191
Portugal,Portugal,2,ACF,24,-0.0268,-0.2212,0.2212
Portugal,Portugal,2,PACF,0,1.0,0.0,0.0
Portugal,Portugal,2,PACF,1,-0.3742,-0.1457,0.1457
Portugal,Portugal,2,PACF,2,0.0322,-0.1457,0.1457
Portugal,Portugal,2,PACF,3,-0.4862,-0.1457,0.1457
Portugal,Portugal,2,PACF,4,-0.2129,-0.1457,0.1457
Portugal,Portugal,2,PACF,5,-0.0085,-0.1457,0.1457
Portugal,Portugal,2,PACF,6,-0.2858,-0.1457,0.1457
Portugal,Portugal,2,PACF,7,0.0392,-0.1457,0.1457
Portugal,Portugal,2,PACF,8,0.0913,-0.1457,0.1457
Portugal,Portugal,2,PACF,9,-0.1063,-0.1457,0.1457
Portugal,Portugal,2,PACF,10,-0.0424,-0.1457,0.1457
Portugal,Portugal,2,PACF,11,-0.0516,-0.1457,0.1457
Portugal,Portugal,2,PACF,12,-0.1203,-0.1457,0.1457
Portugal,Portugal,2,PACF,13,-0.1788,-0.1457,0.1457
Portugal,Portugal,2,PACF,14,0.173,-0.1457,0.1457
Portugal,Portugal,2,PACF,15,0.0182,-0.1457,0.1457
Portugal,Portugal,2,PACF,16,0.068,-0.1457,0.1457
Portugal,Portugal,2,PACF,17,0.1014,-0.1457,0.1457
Portugal,Portugal,2,PACF,18,0.0506,-0.1457,0.1457
Portugal,Portugal,2,PACF,19,-0.1726,-0.1457,0.1457
Portugal,Portugal,2,PACF,20,-0.0744,-0.1457,0.1457
Portugal,Portugal,2,PACF,21,-0.0492,-0.1457,0.1457
Portugal,Portugal,2,PACF,22,0.0547,-0.1457,0.1457
Portugal,Portugal,2,PACF,23,-0.0731,-0.1457,0.1457
Portugal,Portugal,2,PACF,24,-0.014,-0.1457,0.1457
Norte,Norte,1,ACF,0,1.0,0.0,0.0
Norte,Norte,1,ACF,1,0.5933,-0.1453,0.1453
Norte,Norte,1,ACF,2,0.4771,-0.1897,0.1897
Norte,Norte,1,ACF,3,0.285,-0.2135,0.2135
Norte,Norte,1,ACF,4,0.393,-0.2214,0.2214
Norte,Norte,1,ACF,5,0.481,-0.2356,0.2356
Norte,Norte,1,ACF,6,0.4915,-0.2555,0.2555
Norte,Norte,1,ACF,7,0.5498,-0.2748,0.2748
Norte,Norte,1,ACF,8,0.4559,-0.2971,0.2971
Norte,Norte,1,ACF,9,0.3781,-0.3115,0.3115
Norte,Norte,1,ACF,10,0.2562,-0.321,0.321
Norte,Norte,1,ACF,11,0.294,-0.3253,0.3253
Norte,Norte,1,ACF,12,0.3305,-0.3309,0.3309
Norte,Norte,1,ACF,13,0.3339,-0.3378,0.3378
Norte,Norte,1,ACF,14,0.414,-0.3447,0.3447
Norte,Norte,1,ACF,15,0.2886,-0.355,0.355
Norte,Norte,1,ACF,16,0.2948,-0.3599,0.3599
Norte,Norte,1,ACF,17,0.1445,-0.365,0.365
Norte,Norte,1,ACF,18,0.2019,-0.3662,0.3662
Norte,Norte,1,ACF,19,0.2065,-0.3685,0.3685
Norte,Norte,1,ACF,20,0.2191,-0.371,0.371
Norte,Norte,1,ACF,21,0.2162,-0.3737,0.3737
Norte,Norte,1,ACF,22,0.2219,-0.3763,0.3763
Norte,Norte,1,ACF,23,0.1893,-0.3791,0.3791
Norte,Norte,1,ACF,24,0.1512,-0.3811,0.3811
Norte,Norte,1,PACF,0,1.0,0.0,0.0
Norte,Norte,1,PACF,1,0.5966,-0.1453,0.1453
Norte,Norte,1,PACF,2,0.1964,-0.1453,0.1453
Norte,Norte,1,PACF,3,-0.0949,-0.1453,0.1453
Norte,Norte,1,PACF,4,0.3217,-0.1453,0.1453
Norte,Norte,1,PACF,5,0.3014,-0.1453,0.1453
Norte,Norte,1,PACF,6,0.0562,-0.1453,0.1453
Norte,Norte,1,PACF,7,0.3037,-0.1453,0.1453
Norte,Norte,1,PACF,8,0.0809,-0.1453,0.1453
Norte,Norte,1,PACF,9,-0.1044,-0.1453,0.1453
Norte,Norte,1,PACF,10,-0.0976,-0.1453,0.1453
Norte,Norte,1,PACF,11,0.0324,-0.1453,0.1453
Norte,Norte,1,PACF,12,-0.0567,-0.1453,0.1453
Norte,Norte,1,PACF,13,-0.116,-0.1453,0.1453
Norte,Norte,1,PACF,14,0.2499,-0.1453,0.1453
Norte,Norte,1,PACF,15,-0.156,-0.1453,0.1453
Norte,Norte,1,PACF,16,-0.0061,-0.1453,0.1453
Norte,Norte,1,PACF,17,-0.0248,-0.1453,0.1453
Norte,Norte,1,PACF,18,-0.016,-0.1453,0.1453
Norte,Norte,1,PACF,19,-0.0481,-0.1453,0.1453
Norte,Norte,1,PACF,20,-0.0506,-0.1453,0.1453
Norte,Norte,1,PACF,21,-0.0053,-0.1453,0.1453
Norte,Norte,1,PACF,22,0.1249,-0.1453,0.1453
Norte,Norte,1,PACF,23,-0.064,-0.1453,0.1453
Norte,Norte,1,PACF,24,0.0922,-0.1453,0.1453
Norte,Norte,2,ACF,0,1.0,0.0,0.0
Norte,Norte,2,ACF,1,-0.3447,-0.1457,0.1457
Norte,Norte,2,ACF,2,0.1124,-0.1621,0.1621
Norte,Norte,2,ACF,3,-0.4206,-0.1637,0.1637
Norte,Norte,2,ACF,4,0.0216,-0.1852,0.1852
Norte,Norte,2,ACF,5,0.0709,-0.1853,0.1853
Norte,Norte,2,ACF,6,-0.0261,-0.1859,0.1859
Norte,Norte,2,ACF,7,0.204,-0.1859,0.1859
Norte,Norte,2,ACF,8,-0.0191,-0.1906,0.1906
Norte,Norte,2,ACF,9,0.0621,-0.1907,0.1907
Norte,Norte,2,ACF,10,-0.2144,-0.1911,0.1911
Norte,Norte,2,ACF,11,-0.0116,-0.1961,0.1961
Norte,Norte,2,ACF,12,0.0159,-0.1961,0.1961
Norte,Norte,2,ACF,13,-0.0597,-0.1962,0.1962
Norte,Norte,2,ACF,14,0.267,-0.1966,0.1966
Norte,Norte,2,ACF,15,-0.1428,-0.2041,0.2041
Norte,Norte,2,ACF,16,0.1634,-0.2062,0.2062
Norte,Norte,2,ACF,17,-0.2683,-0.209,0.209
Norte,Norte,2,ACF,18,0.0767,-0.2161,0.2161
Norte,Norte,2,ACF,19,-0.0237,-0.2167,0.2167
Norte,Norte,2,ACF,20,0.0309,-0.2168,0.2168
Norte,Norte,2,ACF,21,0.0147,-0.2169,0.2169
Norte,Norte,2,ACF,22,0.049,-0.2169,0.2169
Norte,Norte,2,ACF,23,0.0086,-0.2171,0.2171
Norte,Norte,2,ACF,24,-0.0428,-0.2171,0.2171
Norte,Norte,2,PACF,0,1.0,0.0,0.0
Norte,Norte,2,PACF,1,-0.3466,-0.1457,0.1457
Norte,Norte,2,PACF,2,-0.0074,-0.1457,0.1457
Norte,Norte,2,PACF,3,-0.4439,-0.1457,0.1457
Norte,Norte,2,PACF,4,-0.3738,-0.1457,0.1457
Norte,Norte,2,PACF,5,-0.1237,-0.1457,0.1457
Norte,Norte,2,PACF,6,-0.385,-0.1457,0.1457
Norte,Norte,2,PACF,7,-0.1618,-0.1457,0.1457
Norte,Norte,2,PACF,8,0.0259,-0.1457,0.1457
Norte,Norte,2,PACF,9,0.0325,-0.1457,0.1457
Norte,Norte,2,PACF,10,-0.0648,-0.1457,0.1457
Norte,Norte,2,PACF,11,0.0195,-0.1457,0.1457
Norte,Norte,2,PACF,12,0.0699,-0.1457,0.1457
Norte,Norte,2,PACF,13,-0.276,-0.1457,0.1457
Norte,Norte,2,PACF,14,0.1443,-0.1457,0.1457
Norte,Norte,2,PACF,15,0.0007,-0.1457,0.1457
Norte,Norte,2,PACF,16,-0.0301,-0.1457,0.1457
Norte,Norte,2,PACF,17,0.0097,-0.1457,0.1457
Norte,Norte,2,PACF,18,0.049,-0.1457,0.1457
Norte,Norte,2,PACF,19,0.0418,-0.1457,0.1457
Norte,Norte,2,PACF,20,-0.018,-0.1457,0.1457
Norte,Norte,2,PACF,21,-0.0827,-0.1457,0.1457
Norte,Norte,2,PACF,22,0.0755,-0.1457,0.1457
Norte,Norte,2,PACF,23,-0.0855,-0.1457,0.1457
Norte,Norte,2,PACF,24,0.0083,-0.1457,0.1457
Centro,Centro,1,ACF,0,1.0,0.0,0.0
Centro,Centro,1,ACF,1,0.4536,-0.1453,0.1453
Centro,Centro,1,ACF,2,0.2171,-0.1726,0.1726
Centro,Centro,1,ACF,3,-0.1167,-0.1783,0.1783
Centro,Centro,1,ACF,4,0.0674,-0.1799,0.1799
Centro,Centro,1,ACF,5,0.1741,-0.1804,0.1804
Centro,Centro,1,ACF,6,0.249,-0.1839,0.1839
Centro,Centro,1,ACF,7,0.2312,-0.1909,0.1909
Centro,Centro,1,ACF,8,0.2102,-0.1967,0.1967
Centro,Centro,1,ACF,9,0.1809,-0.2014,0.2014
Centro,Centro,1,ACF,10,0.1833,-0.2048,0.2048
Centro,Centro,1,ACF,11,0.1826,-0.2082,0.2082
Centro,Centro,1,ACF,12,0.1417,-0.2116,0.2116
Centro,Centro,1,ACF,13,0.1432,-0.2136,0.2136
Centro,Centro,1,ACF,14,0.1376,-0.2156,0.2156
Centro,Centro,1,ACF,15,0.1497,-0.2175,0.2175
Centro,Centro,1,ACF,16,0.1037,-0.2196,0.2196
Centro,Centro,1,ACF,17,0.0692,-0.2207,0.2207
Centro,Centro,1,ACF,18,0.0825,-0.2211,0.2211
Centro,Centro,1,ACF,19,0.0673,-0.2218,0.2218
Centro,Centro,1,ACF,20,0.1014,-0.2222,0.2222
Centro,Centro,1,ACF,21,0.1171,-0.2232,0.2232
Centro,Centro,1,ACF,22,0.0921,-0.2245,0.2245
Centro,Centro,1,ACF,23,0.0681,-0.2253,0.2253
Centro,Centro,1,ACF,24,0.0133,-0.2257,0.2257
Centro,Centro,1,PACF,0,1.0,0.0,0.0
Centro,Centro,1,PACF,1,0.4562,-0.1453,0.1453
Centro,Centro,1,PACF,2,0.0144,-0.1453,0.1453
Centro,Centro,1,PACF,3,-0.2828,-0.1453,0.1453
Centro,Centro,1,PACF,4,0.3029,-0.1453,0.1453
Centro,Centro,1,PACF,5,0.1627,-0.1453,0.1453
Centro,Centro,1,PACF,6,-0.0232,-0.1453,0.1453
Centro,Centro,1,PACF,7,0.1733,-0.1453,0.1453
Centro,Centro,1,PACF,8,0.147,-0.1453,0.1453
Centro,Centro,1,PACF,9,0.0231,-0.1453,0.1453
Centro,Centro,1,PACF,10,0.1133,-0.1453,0.1453
Centro,Centro,1,PACF,11,0.1062,-0.1453,0.1453
Centro,Centro,1,PACF,12,-0.0437,-0.1453,0.1453
Centro,Centro,1,PACF,13,0.0746,-0.1453,0.1453
Centro,Centro,1,PACF,14,0.0679,-0.1453,0.1453
Centro,Centro,1,PACF,15,-0.035,-0.1453,0.1453
Centro,Centro,1,PACF,16,-0.0417,-0.1453,0.1453
Centro,Centro,1,PACF,17,-0.0171,-0.1453,0.1453
Centro,Centro,1,PACF,18,0.0136,-0.1453,0.1453
Centro,Centro,1,PACF,19,-0.0949,-0.1453,0.1453
Centro,Centro,1,PACF,20,0.0169,-0.1453,0.1453
Centro,Centro,1,PACF,21,0.0709,-0.1453,0.1453
Centro,Centro,1,PACF,22,-0.1065,-0.1453,0.1453
Centro,Centro,1,PACF,23,0.0008,-0.1453,0.1453
Centro,Centro,1,PACF,24,-0.0041,-0.1453,0.1453
Centro,Centro,2,ACF,0,1.0,0.0,0.0
Centro,Centro,2,ACF,1,-0.2794,-0.1457,0.1457
Centro,Centro,2,ACF,2,0.095,-0.1566,0.1566
Centro,Centro,2,ACF,3,-0.4762,-0.1579,0.1579
Centro,Centro,2,ACF,4,0.0526,-0.1859,0.1859
Centro,Centro,2,ACF,5,0.0209,-0.1862,0.1862
Centro,Centro,2,ACF,6,0.0904,-0.1862,0.1862
Centro,Centro,2,ACF,7,0.0277,-0.1872,0.1872
Centro,Centro,2,ACF,8,0.0035,-0.1873,0.1873
Centro,Centro,2,ACF,9,-0.0238,-0.1873,0.1873
Centro,Centro,2,ACF,10,-0.0051,-0.1873,0.1873
Centro,Centro,2,ACF,11,0.0272,-0.1873,0.1873
Centro,Centro,2,ACF,12,-0.0423,-0.1874,0.1874
Centro,Centro,2,ACF,13,0.0167,-0.1876,0.1876
Centro,Centro,2,ACF,14,-0.0295,-0.1876,0.1876
Centro,Centro,2,ACF,15,0.0674,-0.1877,0.1877
Centro,Centro,2,ACF,16,-0.0239,-0.1882,0.1882
Centro,Centro,2,ACF,17,-0.0354,-0.1883,0.1883
Centro,Centro,2,ACF,18,0.0373,-0.1885,0.1885
Centro,Centro,2,ACF,19,-0.0507,-0.1886,0.1886
Centro,Centro,2,ACF,20,0.0221,-0.1889,0.1889
Centro,Centro,2,ACF,21,0.0399,-0.189,0.189
Centro,Centro,2,ACF,22,-0.0105,-0.1891,0.1891
Centro,Centro,2,ACF,23,0.0279,-0.1891,0.1891
Centro,Centro,2,ACF,24,-0.1143,-0.1892,0.1892
Centro,Centro,2,PACF,0,1.0,0.0,0.0
Centro,Centro,2,PACF,1,-0.281,-0.1457,0.1457
Centro,Centro,2,PACF,2,0.0186,-0.1457,0.1457
Centro,Centro,2,PACF,3,-0.4915,-0.1457,0.1457
Centro,Centro,2,PACF,4,-0.2896,-0.1457,0.1457
Centro,Centro,2,PACF,5,-0.0879,-0.1457,0.1457
Centro,Centro,2,PACF,6,-0.2545,-0.1457,0.1457
Centro,Centro,2,PACF,7,-0.1987,-0.1457,0.1457
Centro,Centro,2,PACF,8,-0.0916,-0.1457,0.1457
Centro,Centro,2,PACF,9,-0.1579,-0.1457,0.1457
Centro,Centro,2,PACF,10,-0.1289,-0.1457,0.1457
Centro,Centro,2,PACF,11,-0.0104,-0.1457,0.1457
Centro,Centro,2,PACF,12,-0.1172,-0.1457,0.1457
Centro,Centro,2,PACF,13,-0.0784,-0.1457,0.1457
Centro,Centro,2,PACF,14,-0.0333,-0.1457,0.1457
Centro,Centro,2,PACF,15,0.0006,-0.1457,0.1457
Centro,Centro,2,PACF,16,-0.0142,-0.1457,0.1457
Centro,Centro,2,PACF,17,-0.0848,-0.1457,0.1457
Centro,Centro,2,PACF,18,0.0666,-0.1457,0.1457
Centro,Centro,2,PACF,19,-0.0452,-0.1457,0.1457
Centro,Centro,2,PACF,20,-0.113,-0.1457,0.1457
Centro,Centro,2,PACF,21,0.1065,-0.1457,0.1457
Centro,Centro,2,PACF,22,-0.017,-0.1457,0.1457
Centro,Centro,2,PACF,23,-0.0103,-0.1457,0.1457
Centro,Centro,2,PACF,24,-0.0496,-0.1457,0.1457
Oeste e Vale do Tejo,Oeste e Vale do Tejo,1,ACF,0,1.0,0.0,0.0
Oeste e Vale do Tejo,Oeste e Vale do Tejo,1,ACF,1,0.4133,-0.1453,0.1453
Oeste e Vale do Tejo,Oeste e Vale do Tejo,1,ACF,2,0.4164,-0.1683,0.1683
Oeste e Vale do Tejo,Oeste e Vale do Tejo,1,ACF,3,0.1405,-0.1888,0.1888
Oeste e Vale do Tejo,Oeste e Vale do Tejo,1,ACF,4,0.3578,-0.191,0.191
Oeste e Vale do Tejo,Oeste e Vale do Tejo,1,ACF,5,0.3981,-0.2046,0.2046
Oeste e Vale do Tejo,Oeste e Vale do Tejo,1,ACF,6,0.3147,-0.2204,0.2204
Oeste e Vale do Tejo,Oeste e Vale do Tejo,1,ACF,7,0.3212,-0.2297,0.2297
Oeste e Vale do Tejo,Oeste e Vale do Tejo,1,ACF,8,0.1936,-0.239,0.239
Oeste e Vale do Tejo,Oeste e Vale do Tejo,1,ACF,9,0.2971,-0.2423,0.2423
Oeste e Vale do Tejo,Oeste e Vale do Tejo,1,ACF,10,0.2584,-0.2498,0.2498
Oeste e Vale do Tejo,Oeste e Vale do Tejo,1,ACF,11,0.3377,-0.2554,0.2554
Oeste e Vale do Tejo,Oeste e Vale do Tejo,1,ACF,12,0.2887,-0.2647,0.2647
Oeste e Vale do Tejo,Oeste e Vale do Tejo,1,ACF,13,0.2607,-0.2712,0.2712
Oeste e Vale do Tejo,Oeste e Vale do Tejo,1,ACF,14,0.1639,-0.2765,0.2765
Oeste e Vale do Tejo,Oeste e Vale do Tejo,1,ACF,15,0.1359,-0.2785,0.2785
Oeste e Vale do Tejo,Oeste e Vale do Tejo,1,ACF,16,0.1635,-0.2799,0.2799
Oeste e Vale do Tejo,Oeste e Vale do Tejo,1,ACF,17,0.2115,-0.2819,0.2819
Oeste e Vale do Tejo,Oeste e Vale do Tejo,1,ACF,18,0.1652,-0.2852,0.2852
Oeste e Vale do Tejo,Oeste e Vale do Tejo,1,ACF,19,0.145,-0.2873,0.2873
Oeste e Vale do Tejo,Oeste e Vale do Tejo,1,ACF,20,0.188,-0.2888,0.2888
Oeste e Vale do Tejo,Oeste e Vale do Tejo,1,ACF,21,0.2913,-0.2914,0.2914
Oeste e Vale do Tejo,Oeste e Vale do Tejo,1,ACF,22,0.2342,-0.2975,0.2975
Oeste e Vale do Tejo,Oeste e Vale do Tejo,1,ACF,23,0.1771,-0.3013,0.3013
Oeste e Vale do Tejo,Oeste e Vale do Tejo,1,ACF,24,0.0649,-0.3035,0.3035
Oeste e Vale do Tejo,Oeste e Vale do Tejo,1,PACF,0,1.0,0.0,0.0
Oeste e Vale do Tejo,Oeste e Vale do Tejo,1,PACF,1,0.4156,-0.1453,0.1453
Oeste e Vale do Tejo,Oeste e Vale do Tejo,1,PACF,2,0.3002,-0.1453,0.1453
Oeste e Vale do Tejo,Oeste e Vale do Tejo,1,PACF,3,-0.1387,-0.1453,0.1453
Oeste e Vale do Tejo,Oeste e Vale do Tejo,1,PACF,4,0.3151,-0.1453,0.1453
Oeste e Vale do Tejo,Oeste e Vale do Tejo,1,PACF,5,0.3158,-0.1453,0.1453
Oeste e Vale do Tejo,Oeste e Vale do Tejo,1,PACF,6,-0.1167,-0.1453,0.1453
Oeste e Vale do Tejo,Oeste e Vale do Tejo,1,PACF,7,0.1592,-0.1453,0.1453
Oeste e Vale do Tejo,Oeste e Vale do Tejo,1,PACF,8,0.0304,-0.1453,0.1453
Oeste e Vale do Tejo,Oeste e Vale do Tejo,1,PACF,9,0.0082,-0.1453,0.1453
Oeste e Vale do Tejo,Oeste e Vale do Tejo,1,PACF,10,0.1029,-0.1453,0.1453
Oeste e Vale do Tejo,Oeste e Vale do Tejo,1,PACF,11,0.1068,-0.1453,0.1453
Oeste e Vale do Tejo,Oeste e Vale do Tejo,1,PACF,12,0.0424,-0.1453,0.1453
Oeste e Vale do Tejo,Oeste e Vale do Tejo,1,PACF,13,0.0284,-0.1453,0.1453
Oeste e Vale do Tejo,Oeste e Vale do Tejo,1,PACF,14,-0.1207,-0.1453,0.1453
Oeste e Vale do Tejo,Oeste e Vale do Tejo,1,PACF,15,-0.0755,-0.1453,0.1453
Oeste e Vale do Tejo,Oeste e Vale do Tejo,1,PACF,16,0.0039,-0.1453,0.1453
Oeste e Vale do Tejo,Oeste e Vale do Tejo,1,PACF,17,0.0241,-0.1453,0.1453
Oeste e Vale do Tejo,Oeste e Vale do Tejo,1,PACF,18,-0.0854,-0.1453,0.1453
Oeste e Vale do Tejo,Oeste e Vale do Tejo,1,PACF,19,0.0351,-0.1453,0.1453
Oeste e Vale do Tejo,Oeste e Vale do Tejo,1,PACF,20,0.178,-0.1453,0.1453
Oeste e Vale do Tejo,Oeste e Vale do Tejo,1,PACF,21,0.1922,-0.1453,0.1453
Oeste e Vale do Tejo,Oeste e Vale do Tejo,1,PACF,22,-0.0678,-0.1453,0.1453
Oeste e Vale do Tejo,Oeste e Vale do Tejo,1,PACF,23,-0.0256,-0.1453,0.1453
Oeste e Vale do Tejo,Oeste e Vale do Tejo,1,PACF,24,-0.0895,-0.1453,0.1453
Oeste e Vale do Tejo,Oeste e Vale do Tejo,2,ACF,0,1.0,0.0,0.0
Oeste e Vale do Tejo,Oeste e Vale do Tejo,2,ACF,1,-0.4959,-0.1457,0.1457
Oeste e Vale do Tejo,Oeste e Vale do Tejo,2,ACF,2,0.2211,-0.1779,0.1779
Oeste e Vale do Tejo,Oeste e Vale do Tejo,2,ACF,3,-0.4076,-0.1837,0.1837
Oeste e Vale do Tejo,Oeste e Vale do Tejo,2,ACF,4,0.1487,-0.202,0.202
Oeste e Vale do Tejo,Oeste e Vale do Tejo,2,ACF,5,0.0964,-0.2043,0.2043
Oeste e Vale do Tejo,Oeste e Vale do Tejo,2,ACF,6,-0.0821,-0.2052,0.2052
Oeste e Vale do Tejo,Oeste e Vale do Tejo,2,ACF,7,0.1051,-0.2059,0.2059
Oeste e Vale do Tejo,Oeste e Vale do Tejo,2,ACF,8,-0.1871,-0.2071,0.2071
Oeste e Vale do Tejo,Oeste e Vale do Tejo,2,ACF,9,0.1186,-0.2106,0.2106
Oeste e Vale do Tejo,Oeste e Vale do Tejo,2,ACF,10,-0.0968,-0.212,0.212
Oeste e Vale do Tejo,Oeste e Vale do Tejo,2,ACF,11,0.1142,-0.213,0.213
Oeste e Vale do Tejo,Oeste e Vale do Tejo,2,ACF,12,-0.0143,-0.2143,0.2143
Oeste e Vale do Tejo,Oeste e Vale do Tejo,2,ACF,13,0.0534,-0.2143,0.2143
Oeste e Vale do Tejo,Oeste e Vale do Tejo,2,ACF,14,-0.0535,-0.2146,0.2146
Oeste e Vale do Tejo,Oeste e Vale do Tejo,2,ACF,15,-0.048,-0.2149,0.2149
Oeste e Vale do Tejo,Oeste e Vale do Tejo,2,ACF,16,-0.0048,-0.2151,0.2151
Oeste e Vale do Tejo,Oeste e Vale do Tejo,2,ACF,17,0.0701,-0.2151,0.2151
Oeste e Vale do Tejo,Oeste e Vale do Tejo,2,ACF,18,-0.0058,-0.2156,0.2156
Oeste e Vale do Tejo,Oeste e Vale do Tejo,2,ACF,19,-0.0745,-0.2156,0.2156
Oeste e Vale do Tejo,Oeste e Vale do Tejo,2,ACF,20,-0.0442,-0.2161,0.2161
Oeste e Vale do Tejo,Oeste e Vale do Tejo,2,ACF,21,0.1337,-0.2163,0.2163
Oeste e Vale do Tejo,Oeste e Vale do Tejo,2,ACF,22,0.0031,-0.2181,0.2181
Oeste e Vale do Tejo,Oeste e Vale do Tejo,2,ACF,23,0.0473,-0.2181,0.2181
Oeste e Vale do Tejo,Oeste e Vale do Tejo,2,ACF,24,-0.1467,-0.2183,0.2183
Oeste e Vale do Tejo,Oeste e Vale do Tejo,2,PACF,0,1.0,0.0,0.0
Oeste e Vale do Tejo,Oeste e Vale do Tejo,2,PACF,1,-0.4987,-0.1457,0.1457
Oeste e Vale do Tejo,Oeste e Vale do Tejo,2,PACF,2,-0.0335,-0.1457,0.1457
Oeste e Vale do Tejo,Oeste e Vale do Tejo,2,PACF,3,-0.421,-0.1457,0.1457
Oeste e Vale do Tejo,Oeste e Vale do Tejo,2,PACF,4,-0.3585,-0.1457,0.1457
Oeste e Vale do Tejo,Oeste e Vale do Tejo,2,PACF,5,0.0359,-0.1457,0.1457
Oeste e Vale do Tejo,Oeste e Vale do Tejo,2,PACF,6,-0.2341,-0.1457,0.1457
Oeste e Vale do Tejo,Oeste e Vale do Tejo,2,PACF,7,-0.1065,-0.1457,0.1457
Oeste e Vale do Tejo,Oeste e Vale do Tejo,2,PACF,8,-0.1125,-0.1457,0.1457
Oeste e Vale do Tejo,Oeste e Vale do Tejo,2,PACF,9,-0.2003,-0.1457,0.1457
Oeste e Vale do Tejo,Oeste e Vale do Tejo,2,PACF,10,-0.2206,-0.1457,0.1457
Oeste e Vale do Tejo,Oeste e Vale do Tejo,2,PACF,11,-0.1677,-0.1457,0.1457
Oeste e Vale do Tejo,Oeste e Vale do Tejo,2,PACF,12,-0.1486,-0.1457,0.1457
Oeste e Vale do Tejo,Oeste e Vale do Tejo,2,PACF,13,-0.0136,-0.1457,0.1457
Oeste e Vale do Tejo,Oeste e Vale do Tejo,2,PACF,14,-0.0173,-0.1457,0.1457
Oeste e Vale do Tejo,Oeste e Vale do Tejo,2,PACF,15,-0.0678,-0.1457,0.1457
Oeste e Vale do Tejo,Oeste e Vale do Tejo,2,PACF,16,-0.0797,-0.1457,0.1457
Oeste e Vale do Tejo,Oeste e Vale do Tejo,2,PACF,17,0.0478,-0.1457,0.1457
Oeste e Vale do Tejo,Oeste e Vale do Tejo,2,PACF,18,0.0036,-0.1457,0.1457
Oeste e Vale do Tejo,Oeste e Vale do Tejo,2,PACF,19,-0.1514,-0.1457,0.1457
Oeste e Vale do Tejo,Oeste e Vale do Tejo,2,PACF,20,-0.2162,-0.1457,0.1457
Oeste e Vale do Tejo,Oeste e Vale do Tejo,2,PACF,21,0.0415,-0.1457,0.1457
Oeste e Vale do Tejo,Oeste e Vale do Tejo,2,PACF,22,0.0114,-0.1457,0.1457
Oeste e Vale do Tejo,Oeste e Vale do Tejo,2,PACF,23,0.083,-0.1457,0.1457
Oeste e Vale do Tejo,Oeste e Vale do Tejo,2,PACF,24,0.0545,-0.1457,0.1457
Grande Lisboa,Grande Lisboa,1,ACF,0,1.0,0.0,0.0
Grande Lisboa,Grande Lisboa,1,ACF,1,0.5387,-0.1453,0.1453
Grande Lisboa,Grande Lisboa,1,ACF,2,0.5152,-0.1826,0.1826
Grande Lisboa,Grande Lisboa,1,ACF,3,0.2833,-0.2111,0.2111
Grande Lisboa,Grande Lisboa,1,ACF,4,0.4483,-0.219,0.219
Grande Lisboa,Grande Lisboa,1,ACF,5,0.3684,-0.2376,0.2376
Grande Lisboa,Grande Lisboa,1,ACF,6,0.3755,-0.2493,0.2493
Grande Lisboa,Grande Lisboa,1,ACF,7,0.4003,-0.261,0.261
Grande Lisboa,Grande Lisboa,1,ACF,8,0.3817,-0.2736,0.2736
Grande Lisboa,Grande Lisboa,1,ACF,9,0.3244,-0.2847,0.2847
Grande Lisboa,Grande Lisboa,1,ACF,10,0.2174,-0.2924,0.2924
Grande Lisboa,Grande Lisboa,1,ACF,11,0.3018,-0.2957,0.2957
Grande Lisboa,Grande Lisboa,1,ACF,12,0.2475,-0.3022,0.3022
Grande Lisboa,Grande Lisboa,1,ACF,13,0.2778,-0.3064,0.3064
Grande Lisboa,Grande Lisboa,1,ACF,14,0.1282,-0.3117,0.3117
Grande Lisboa,Grande Lisboa,1,ACF,15,0.1516,-0.3128,0.3128
Grande Lisboa,Grande Lisboa,1,ACF,16,0.0866,-0.3143,0.3143
Grande Lisboa,Grande Lisboa,1,ACF,17,0.114,-0.3149,0.3149
Grande Lisboa,Grande Lisboa,1,ACF,18,0.0515,-0.3157,0.3157
Grande Lisboa,Grande Lisboa,1,ACF,19,0.071,-0.3159,0.3159
Grande Lisboa,Grande Lisboa,1,ACF,20,0.0236,-0.3162,0.3162
Grande Lisboa,Grande Lisboa,1,ACF,21,0.0637,-0.3163,0.3163
Grande Lisboa,Grande Lisboa,1,ACF,22,0.0152,-0.3165,0.3165
Grande Lisboa,Grande Lisboa,1,ACF,23,0.081,-0.3166,0.3166
Grande Lisboa,Grande Lisboa,1,ACF,24,0.0449,-0.317,0.317
Grande Lisboa,Grande Lisboa,1,PACF,0,1.0,0.0,0.0
Grande Lisboa,Grande Lisboa,1,PACF,1,0.5417,-0.1453,0.1453
Grande Lisboa,Grande Lisboa,1,PACF,2,0.3219,-0.1453,0.1453
Grande Lisboa,Grande Lisboa,1,PACF,3,-0.1226,-0.1453,0.1453
Grande Lisboa,Grande Lisboa,1,PACF,4,0.3471,-0.1453,0.1453
Grande Lisboa,Grande Lisboa,1,PACF,5,0.097,-0.1453,0.1453
Grande Lisboa,Grande Lisboa,1,PACF,6,-0.0343,-0.1453,0.1453
Grande Lisboa,Grande Lisboa,1,PACF,7,0.2872,-0.1453,0.1453
Grande Lisboa,Grande Lisboa,1,PACF,8,0.0119,-0.1453,0.1453
Grande Lisboa,Grande Lisboa,1,PACF,9,-0.1089,-0.1453,0.1453
Grande Lisboa,Grande Lisboa,1,PACF,10,-0.0218,-0.1453,0.1453
Grande Lisboa,Grande Lisboa,1,PACF,11,0.1475,-0.1453,0.1453
Grande Lisboa,Grande Lisboa,1,PACF,12,-0.1041,-0.1453,0.1453
Grande Lisboa,Grande Lisboa,1,PACF,13,0.0023,-0.1453,0.1453
Grande Lisboa,Grande Lisboa,1,PACF,14,-0.1003,-0.1453,0.1453
Grande Lisboa,Grande Lisboa,1,PACF,15,-0.1131,-0.1453,0.1453
Grande Lisboa,Grande Lisboa,1,PACF,16,-0.0243,-0.1453,0.1453
Grande Lisboa,Grande Lisboa,1,PACF,17,-0.0074,-0.1453,0.1453
Grande Lisboa,Grande Lisboa,1,PACF,18,-0.0976,-0.1453,0.1453
Grande Lisboa,Grande Lisboa,1,PACF,19,-0.0022,-0.1453,0.1453
Grande Lisboa,Grande Lisboa,1,PACF,20,-0.0566,-0.1453,0.1453
Grande Lisboa,Grande Lisboa,1,PACF,21,0.0978,-0.1453,0.1453
Grande Lisboa,Grande Lisboa,1,PACF,22,-0.0022,-0.1453,0.1453
Grande Lisboa,Grande Lisboa,1,PACF,23,0.1395,-0.1453,0.1453
Grande Lisboa,Grande Lisboa,1,PACF,24,0.0186,-0.1453,0.1453
Grande Lisboa,Grande Lisboa,2,ACF,0,1.0,0.0,0.0
Grande Lisboa,Grande Lisboa,2,ACF,1,-0.472,-0.1457,0.1457
Grande Lisboa,Grande Lisboa,2,ACF,2,0.2111,-0.1752,0.1752
Grande Lisboa,Grande Lisboa,2,ACF,3,-0.433,-0.1805,0.1805
Grande Lisboa,Grande Lisboa,2,ACF,4,0.2694,-0.2013,0.2013
Grande Lisboa,Grande Lisboa,2,ACF,5,-0.085,-0.2088,0.2088
Grande Lisboa,Grande Lisboa,2,ACF,6,-0.0194,-0.2096,0.2096
Grande Lisboa,Grande Lisboa,2,ACF,7,0.063,-0.2096,0.2096
Grande Lisboa,Grande Lisboa,2,ACF,8,0.0171,-0.21,0.21
Grande Lisboa,Grande Lisboa,2,ACF,9,0.0502,-0.21,0.21
Grande Lisboa,Grande Lisboa,2,ACF,10,-0.2102,-0.2103,0.2103
Grande Lisboa,Grande Lisboa,2,ACF,11,0.1523,-0.2147,0.2147
Grande Lisboa,Grande Lisboa,2,ACF,12,-0.0852,-0.217,0.217
Grande Lisboa,Grande Lisboa,2,ACF,13,0.1884,-0.2177,0.2177
Grande Lisboa,Grande Lisboa,2,ACF,14,-0.1712,-0.2211,0.2211
Grande Lisboa,Grande Lisboa,2,ACF,15,0.099,-0.2239,0.2239
Grande Lisboa,Grande Lisboa,2,ACF,16,-0.1078,-0.2248,0.2248
Grande Lisboa,Grande Lisboa,2,ACF,17,0.0982,-0.2259,0.2259
Grande Lisboa,Grande Lisboa,2,ACF,18,-0.0889,-0.2268,0.2268
Grande Lisboa,Grande Lisboa,2,ACF,19,0.0672,-0.2276,0.2276
Grande Lisboa,Grande Lisboa,2,ACF,20,-0.084,-0.228,0.228
Grande Lisboa,Grande Lisboa,2,ACF,21,0.0886,-0.2287,0.2287
Grande Lisboa,Grande Lisboa,2,ACF,22,-0.1158,-0.2294,0.2294
Grande Lisboa,Grande Lisboa,2,ACF,23,0.1125,-0.2306,0.2306
Grande Lisboa,Grande Lisboa,2,ACF,24,-0.0541,-0.2318,0.2318
Grande Lisboa,Grande Lisboa,2,PACF,0,1.0,0.0,0.0
Grande Lisboa,Grande Lisboa,2,PACF,1,-0.4746,-0.1457,0.1457
Grande Lisboa,Grande Lisboa,2,PACF,2,-0.0153,-0.1457,0.1457
Grande Lisboa,Grande Lisboa,2,PACF,3,-0.445,-0.1457,0.1457
Grande Lisboa,Grande Lisboa,2,PACF,4,-0.164,-0.1457,0.1457
Grande Lisboa,Grande Lisboa,2,PACF,5,-0.0267,-0.1457,0.1457
Grande Lisboa,Grande Lisboa,2,PACF,6,-0.3325,-0.1457,0.1457
Grande Lisboa,Grande Lisboa,2,PACF,7,-0.023,-0.1457,0.1457
Grande Lisboa,Grande Lisboa,2,PACF,8,0.0578,-0.1457,0.1457
Grande Lisboa,Grande Lisboa,2,PACF,9,-0.0403,-0.1457,0.1457
Grande Lisboa,Grande Lisboa,2,PACF,10,-0.1714,-0.1457,0.1457
Grande Lisboa,Grande Lisboa,2,PACF,11,0.034,-0.1457,0.1457
Grande Lisboa,Grande Lisboa,2,PACF,12,-0.0701,-0.1457,0.1457
Grande Lisboa,Grande Lisboa,2,PACF,13,0.054,-0.1457,0.1457
Grande Lisboa,Grande Lisboa,2,PACF,14,0.0627,-0.1457,0.1457
Grande Lisboa,Grande Lisboa,2,PACF,15,0.0055,-0.1457,0.1457
Grande Lisboa,Grande Lisboa,2,PACF,16,-0.0152,-0.1457,0.1457
Grande Lisboa,Grande Lisboa,2,PACF,17,0.0778,-0.1457,0.1457
Grande Lisboa,Grande Lisboa,2,PACF,18,-0.0209,-0.1457,0.1457
Grande Lisboa,Grande Lisboa,2,PACF,19,0.0104,-0.1457,0.1457
Grande Lisboa,Grande Lisboa,2,PACF,20,-0.1112,-0.1457,0.1457
Grande Lisboa,Grande Lisboa,2,PACF,21,-0.0198,-0.1457,0.1457
Grande Lisboa,Grande Lisboa,2,PACF,22,-0.1786,-0.1457,0.1457
Grande Lisboa,Grande Lisboa,2,PACF,23,-0.0241,-0.1457,0.1457
Grande Lisboa,Grande Lisboa,2,PACF,24,-0.0271,-0.1457,0.1457
Península de Setúbal,Península de Setúbal,1,ACF,0,1.0,0.0,0.0
Península de Setúbal,Península de Setúbal,1,ACF,1,0.7327,-0.1453,0.1453
Península de Setúbal,Península de Setúbal,1,ACF,2,0.6666,-0.2092,0.2092
Península de Setúbal,Península de Setúbal,1,ACF,3,0.523,-0.2501,0.2501
Península de Setúbal,Península de Setúbal,1,ACF,4,0.623,-0.2722,0.2722
Península de Setúbal,Península de Setúbal,1,ACF,5,0.5921,-0.3008,0.3008
Península de Setúbal,Península de Setúbal,1,ACF,6,0.5677,-0.3244,0.3244
Península de Setúbal,Península de Setúbal,1,ACF,7,0.4936,-0.3448,0.3448
Península de Setúbal,Península de Setúbal,1,ACF,8,0.4735,-0.3594,0.3594
Península de Setúbal,Península de Setúbal,1,ACF,9,0.4153,-0.3723,0.3723
Península de Setúbal,Península de Setúbal,1,ACF,10,0.4128,-0.382,0.382
Península de Setúbal,Península de Setúbal,1,ACF,11,0.3946,-0.3913,0.3913
Península de Setúbal,Península de Setúbal,1,ACF,12,0.4015,-0.3996,0.3996
Península de Setúbal,Península de Setúbal,1,ACF,13,0.2997,-0.408,0.408
Península de Setúbal,Península de Setúbal,1,ACF,14,0.2576,-0.4126,0.4126
Península de Setúbal,Península de Setúbal,1,ACF,15,0.1826,-0.416,0.416
Península de Setúbal,Península de Setúbal,1,ACF,16,0.2125,-0.4177,0.4177
Península de Setúbal,Península de Setúbal,1,ACF,17,0.1904,-0.42,0.42
Península de Setúbal,Península de Setúbal,1,ACF,18,0.1741,-0.4218,0.4218
Península de Setúbal,Península de Setúbal,1,ACF,19,0.1511,-0.4233,0.4233
Península de Setúbal,Península de Setúbal,1,ACF,20,0.1311,-0.4244,0.4244
Península de Setúbal,Península de Setúbal,1,ACF,21,0.1569,-0.4253,0.4253
Península de Setúbal,Península de Setúbal,1,ACF,22,0.1495,-0.4265,0.4265
Península de Setúbal,Península de Setúbal,1,ACF,23,0.1557,-0.4276,0.4276
Península de Setúbal,Península de Setúbal,1,ACF,24,0.1303,-0.4288,0.4288
Península de Setúbal,Península de Setúbal,1,PACF,0,1.0,0.0,0.0
Península de Setúbal,Península de Setúbal,1,PACF,1,0.7368,-0.1453,0.1453
Península de Setúbal,Península de Setúbal,1,PACF,2,0.2869,-0.1453,0.1453
Península de Setúbal,Península de Setúbal,1,PACF,3,-0.0805,-0.1453,0.1453
Península de Setúbal,Península de Setúbal,1,PACF,4,0.4384,-0.1453,0.1453
Península de Setúbal,Península de Setúbal,1,PACF,5,0.095,-0.1453,0.1453
Península de Setúbal,Península de Setúbal,1,PACF,6,-0.0849,-0.1453,0.1453
Península de Setúbal,Península de Setúbal,1,PACF,7,0.0831,-0.1453,0.1453
Península de Setúbal,Península de Setúbal,1,PACF,8,0.0068,-0.1453,0.1453
Península de Setúbal,Península de Setúbal,1,PACF,9,-0.1596,-0.1453,0.1453
Península de Setúbal,Península de Setúbal,1,PACF,10,0.0695,-0.1453,0.1453
Península de Setúbal,Península de Setúbal,1,PACF,11,0.0713,-0.1453,0.1453
Península de Setúbal,Península de Setúbal,1,PACF,12,-0.0227,-0.1453,0.1453
Península de Setúbal,Península de Setúbal,1,PACF,13,-0.1972,-0.1453,0.1453
Península de Setúbal,Península de Setúbal,1,PACF,14,-0.0052,-0.1453,0.1453
Península de Setúbal,Península de Setúbal,1,PACF,15,-0.1115,-0.1453,0.1453
Península de Setúbal,Península de Setúbal,1,PACF,16,-0.0296,-0.1453,0.1453
Península de Setúbal,Península de Setúbal,1,PACF,17,0.0783,-0.1453,0.1453
Península de Setúbal,Península de Setúbal,1,PACF,18,-0.0431,-0.1453,0.1453
Península de Setúbal,Península de Setúbal,1,PACF,19,0.0963,-0.1453,0.1453
Península de Setúbal,Península de Setúbal,1,PACF,20,0.0334,-0.1453,0.1453
Península de Setúbal,Península de Setúbal,1,PACF,21,0.129,-0.1453,0.1453
Península de Setúbal,Península de Setúbal,1,PACF,22,0.0358,-0.1453,0.1453
Península de Setúbal,Península de Setúbal,1,PACF,23,0.0126,-0.1453,0.1453
Península de Setúbal,Península de Setúbal,1,PACF,24,0.022,-0.1453,0.1453
Península de Setúbal,Península de Setúbal,2,ACF,0,1.0,0.0,0.0
Península de Setúbal,Península de Setúbal,2,ACF,1,-0.4049,-0.1457,0.1457
Península de Setúbal,Península de Setúbal,2,ACF,2,0.165,-0.1679,0.1679
Península de Setúbal,Península de Setúbal,2,ACF,3,-0.4636,-0.1713,0.1713
Península de Setúbal,Península de Setúbal,2,ACF,4,0.2445,-0.1961,0.1961
Península de Setúbal,Península de Setúbal,2,ACF,5,-0.0419,-0.2025,0.2025
Península de Setúbal,Península de Setúbal,2,ACF,6,0.1058,-0.2027,0.2027
Península de Setúbal,Península de Setúbal,2,ACF,7,-0.0942,-0.2038,0.2038
Península de Setúbal,Península de Setúbal,2,ACF,8,0.0758,-0.2048,0.2048
Península de Setúbal,Península de Setúbal,2,ACF,9,-0.1249,-0.2053,0.2053
Península de Setúbal,Península de Setúbal,2,ACF,10,0.0385,-0.207,0.207
Península de Setúbal,Península de Setúbal,2,ACF,11,-0.0637,-0.2071,0.2071
Península de Setúbal,Península de Setúbal,2,ACF,12,0.2121,-0.2075,0.2075
Península de Setúbal,Península de Setúbal,2,ACF,13,-0.1213,-0.2121,0.2121
Península de Setúbal,Península de Setúbal,2,ACF,14,0.0971,-0.2135,0.2135
Península de Setúbal,Península de Setúbal,2,ACF,15,-0.1743,-0.2145,0.2145
Península de Setúbal,Península de Setúbal,2,ACF,16,0.0857,-0.2175,0.2175
Península de Setúbal,Península de Setúbal,2,ACF,17,-0.0187,-0.2182,0.2182
Península de Setúbal,Península de Setúbal,2,ACF,18,0.026,-0.2182,0.2182
Península de Setúbal,Península de Setúbal,2,ACF,19,-0.0123,-0.2183,0.2183
Península de Setúbal,Península de Setúbal,2,ACF,20,-0.0669,-0.2183,0.2183
Península de Setúbal,Península de Setúbal,2,ACF,21,0.0592,-0.2187,0.2187
Península de Setúbal,Península de Setúbal,2,ACF,22,-0.0333,-0.2191,0.2191
Península de Setúbal,Península de Setúbal,2,ACF,23,0.0531,-0.2192,0.2192
Península de Setúbal,Península de Setúbal,2,ACF,24,-0.0678,-0.2195,0.2195
Península de Setúbal,Península de Setúbal,2,PACF,0,1.0,0.0,0.0
Península de Setúbal,Península de Setúbal,2,PACF,1,-0.4071,-0.1457,0.1457
Península de Setúbal,Península de Setúbal,2,PACF,2,0.0013,-0.1457,0.1457
Península de Setúbal,Península de Setúbal,2,PACF,3,-0.4832,-0.1457,0.1457
Península de Setúbal,Península de Setúbal,2,PACF,4,-0.165,-0.1457,0.1457
Península de Setúbal,Península de Setúbal,2,PACF,5,-0.0069,-0.1457,0.1457
Península de Setúbal,Península de Setúbal,2,PACF,6,-0.1424,-0.1457,0.1457
Península de Setúbal,Península de Setúbal,2,PACF,7,-0.0626,-0.1457,0.1457
Península de Setúbal,Península de Setúbal,2,PACF,8,0.0847,-0.1457,0.1457
Península de Setúbal,Península de Setúbal,2,PACF,9,-0.1333,-0.1457,0.1457
Península de Setúbal,Península de Setúbal,2,PACF,10,-0.1162,-0.1457,0.1457
Península de Setúbal,Península de Setúbal,2,PACF,11,-0.0743,-0.1457,0.1457
Península de Setúbal,Península de Setúbal,2,PACF,12,0.1088,-0.1457,0.1457
Península de Setúbal,Península de Setúbal,2,PACF,13,-0.0399,-0.1457,0.1457
Península de Setúbal,Península de Setúbal,2,PACF,14,0.0835,-0.1457,0.1457
Península de Setúbal,Península de Setúbal,2,PACF,15,0.0472,-0.1457,0.1457
Península de Setúbal,Península de Setúbal,2,PACF,16,-0.0656,-0.1457,0.1457
Península de Setúbal,Península de Setúbal,2,PACF,17,0.0649,-0.1457,0.1457
Península de Setúbal,Península de Setúbal,2,PACF,18,-0.0407,-0.1457,0.1457
Península de Setúbal,Península de Setúbal,2,PACF,19,-0.0441,-0.1457,0.1457
Península de Setúbal,Península de Setúbal,2,PACF,20,-0.1175,-0.1457,0.1457
Península de Setúbal,Península de Setúbal,2,PACF,21,0.0003,-0.1457,0.1457
Península de Setúbal,Península de Setúbal,2,PACF,22,-0.0516,-0.1457,0.1457
Península de Setúbal,Península de Setúbal,2,PACF,23,-0.0422,-0.1457,0.1457
Península de Setúbal,Península de Setúbal,2,PACF,24,-0.0818,-0.1457,0.1457
Alentejo,Alentejo,1,ACF,0,1.0,0.0,0.0
Alentejo,Alentejo,1,ACF,1,0.1626,-0.1453,0.1453
Alentejo,Alentejo,1,ACF,2,-0.0536,-0.1491,0.1491
Alentejo,Alentejo,1,ACF,3,-0.4043,-0.1495,0.1495
Alentejo,Alentejo,1,ACF,4,0.1133,-0.171,0.171
Alentejo,Alentejo,1,ACF,5,0.1954,-0.1726,0.1726
Alentejo,Alentejo,1,ACF,6,0.2607,-0.1772,0.1772
Alentejo,Alentejo,1,ACF,7,0.0062,-0.1851,0.1851
Alentejo,Alentejo,1,ACF,8,-0.0344,-0.1851,0.1851
Alentejo,Alentejo,1,ACF,9,-0.0267,-0.1853,0.1853
Alentejo,Alentejo,1,ACF,10,0.0652,-0.1853,0.1853
Alentejo,Alentejo,1,ACF,11,0.0804,-0.1858,0.1858
Alentejo,Alentejo,1,ACF,12,-0.0187,-0.1866,0.1866
Alentejo,Alentejo,1,ACF,13,0.0972,-0.1866,0.1866
Alentejo,Alentejo,1,ACF,14,0.0623,-0.1877,0.1877
Alentejo,Alentejo,1,ACF,15,0.1252,-0.1881,0.1881
Alentejo,Alentejo,1,ACF,16,-0.0006,-0.1898,0.1898
Alentejo,Alentejo,1,ACF,17,-0.0124,-0.1898,0.1898
Alentejo,Alentejo,1,ACF,18,-0.0196,-0.1899,0.1899
Alentejo,Alentejo,1,ACF,19,0.0697,-0.1899,0.1899
Alentejo,Alentejo,1,ACF,20,0.078,-0.1904,0.1904
Alentejo,Alentejo,1,ACF,21,0.079,-0.1911,0.1911
Alentejo,Alentejo,1,ACF,22,0.0355,-0.1918,0.1918
Alentejo,Alentejo,1,ACF,23,0.0302,-0.1919,0.1919
Alentejo,Alentejo,1,ACF,24,0.0538,-0.192,0.192
Alentejo,Alentejo,1,PACF,0,1.0,0.0,0.0
Alentejo,Alentejo,1,PACF,1,0.1635,-0.1453,0.1453
Alentejo,Alentejo,1,PACF,2,-0.0831,-0.1453,0.1453
Alentejo,Alentejo,1,PACF,3,-0.4013,-0.1453,0.1453
Alentejo,Alentejo,1,PACF,4,0.2959,-0.1453,0.1453
Alentejo,Alentejo,1,PACF,5,0.1279,-0.1453,0.1453
Alentejo,Alentejo,1,PACF,6,0.0414,-0.1453,0.1453
Alentejo,Alentejo,1,PACF,7,0.1317,-0.1453,0.1453
Alentejo,Alentejo,1,PACF,8,0.0535,-0.1453,0.1453
Alentejo,Alentejo,1,PACF,9,0.0433,-0.1453,0.1453
Alentejo,Alentejo,1,PACF,10,0.0208,-0.1453,0.1453
Alentejo,Alentejo,1,PACF,11,0.0239,-0.1453,0.1453
Alentejo,Alentejo,1,PACF,12,-0.093,-0.1453,0.1453
Alentejo,Alentejo,1,PACF,13,0.1778,-0.1453,0.1453
Alentejo,Alentejo,1,PACF,14,0.0457,-0.1453,0.1453
Alentejo,Alentejo,1,PACF,15,0.0331,-0.1453,0.1453
Alentejo,Alentejo,1,PACF,16,0.0972,-0.1453,0.1453
Alentejo,Alentejo,1,PACF,17,-0.0405,-0.1453,0.1453
Alentejo,Alentejo,1,PACF,18,0.0126,-0.1453,0.1453
Alentejo,Alentejo,1,PACF,19,0.0234,-0.1453,0.1453
Alentejo,Alentejo,1,PACF,20,-0.0111,-0.1453,0.1453
Alentejo,Alentejo,1,PACF,21,0.0424,-0.1453,0.1453
Alentejo,Alentejo,1,PACF,22,0.0721,-0.1453,0.1453
Alentejo,Alentejo,1,PACF,23,0.0382,-0.1453,0.1453
Alentejo,Alentejo,1,PACF,24,0.0692,-0.1453,0.1453
Alentejo,Alentejo,2,ACF,0,1.0,0.0,0.0
Alentejo,Alentejo,2,ACF,1,-0.3696,-0.1457,0.1457
Alentejo,Alentejo,2,ACF,2,0.0771,-0.1644,0.1644
Alentejo,Alentejo,2,ACF,3,-0.5167,-0.1651,0.1651
Alentejo,Alentejo,2,ACF,4,0.255,-0.1965,0.1965
Alentejo,Alentejo,2,ACF,5,0.0211,-0.2034,0.2034
Alentejo,Alentejo,2,ACF,6,0.1808,-0.2034,0.2034
Alentejo,Alentejo,2,ACF,7,-0.1229,-0.2068,0.2068
Alentejo,Alentejo,2,ACF,8,-0.0377,-0.2084,0.2084
Alentejo,Alentejo,2,ACF,9,-0.04,-0.2085,0.2085
Alentejo,Alentejo,2,ACF,10,0.0461,-0.2087,0.2087
Alentejo,Alentejo,2,ACF,11,0.0693,-0.2089,0.2089
Alentejo,Alentejo,2,ACF,12,-0.1386,-0.2094,0.2094
Alentejo,Alentejo,2,ACF,13,0.0901,-0.2113,0.2113
Alentejo,Alentejo,2,ACF,14,-0.0538,-0.2121,0.2121
Alentejo,Alentejo,2,ACF,15,0.1151,-0.2124,0.2124
Alentejo,Alentejo,2,ACF,16,-0.0674,-0.2137,0.2137
Alentejo,Alentejo,2,ACF,17,-0.0061,-0.2142,0.2142
Alentejo,Alentejo,2,ACF,18,-0.0516,-0.2142,0.2142
Alentejo,Alentejo,2,ACF,19,0.0434,-0.2144,0.2144
Alentejo,Alentejo,2,ACF,20,0.0085,-0.2146,0.2146
Alentejo,Alentejo,2,ACF,21,0.0253,-0.2146,0.2146
Alentejo,Alentejo,2,ACF,22,-0.019,-0.2147,0.2147
Alentejo,Alentejo,2,ACF,23,-0.023,-0.2147,0.2147
Alentejo,Alentejo,2,ACF,24,0.0455,-0.2148,0.2148
Alentejo,Alentejo,2,PACF,0,1.0,0.0,0.0
Alentejo,Alentejo,2,PACF,1,-0.3716,-0.1457,0.1457
Alentejo,Alentejo,2,PACF,2,-0.0697,-0.1457,0.1457
Alentejo,Alentejo,2,PACF,3,-0.6066,-0.1457,0.1457
Alentejo,Alentejo,2,PACF,4,-0.3164,-0.1457,0.1457
Alentejo,Alentejo,2,PACF,5,-0.1804,-0.1457,0.1457
Alentejo,Alentejo,2,PACF,6,-0.255,-0.1457,0.1457
Alentejo,Alentejo,2,PACF,7,-0.1676,-0.1457,0.1457
Alentejo,Alentejo,2,PACF,8,-0.152,-0.1457,0.1457
Alentejo,Alentejo,2,PACF,9,-0.1295,-0.1457,0.1457
Alentejo,Alentejo,2,PACF,10,-0.1232,-0.1457,0.1457
Alentejo,Alentejo,2,PACF,11,-0.0056,-0.1457,0.1457
Alentejo,Alentejo,2,PACF,12,-0.2851,-0.1457,0.1457
Alentejo,Alentejo,2,PACF,13,-0.1823,-0.1457,0.1457
Alentejo,Alentejo,2,PACF,14,-0.1887,-0.1457,0.1457
Alentejo,Alentejo,2,PACF,15,-0.305,-0.1457,0.1457
Alentejo,Alentejo,2,PACF,16,-0.2347,-0.1457,0.1457
Alentejo,Alentejo,2,PACF,17,-0.3479,-0.1457,0.1457
Alentejo,Alentejo,2,PACF,18,-0.5231,-0.1457,0.1457
Alentejo,Alentejo,2,PACF,19,-0.9934,-0.1457,0.1457
Alentejo,Alentejo,2,PACF,20,-155.7475,-0.1457,0.1457
Alentejo,Alentejo,2,PACF,21,1.0065,-0.1457,0.1457
Alentejo,Alentejo,2,PACF,22,0.5288,-0.1457,0.1457
Alentejo,Alentejo,2,PACF,23,0.3324,-0.1457,0.1457
Alentejo,Alentejo,2,PACF,24,0.3325,-0.1457,0.1457
Algarve,Algarve,1,ACF,0,1.0,0.0,0.0
Algarve,Algarve,1,ACF,1,0.2596,-0.1453,0.1453
Algarve,Algarve,1,ACF,2,0.3387,-0.1548,0.1548
Algarve,Algarve,1,ACF,3,-0.0313,-0.1697,0.1697
Algarve,Algarve,1,ACF,4,0.2731,-0.1698,0.1698
Algarve,Algarve,1,ACF,5,0.1351,-0.1788,0.1788
Algarve,Algarve,1,ACF,6,0.1362,-0.181,0.181
Algarve,Algarve,1,ACF,7,0.1943,-0.1831,0.1831
Algarve,Algarve,1,ACF,8,0.1624,-0.1874,0.1874
Algarve,Algarve,1,ACF,9,0.1781,-0.1904,0.1904
Algarve,Algarve,1,ACF,10,0.0729,-0.1939,0.1939
Algarve,Algarve,1,ACF,11,0.1704,-0.1945,0.1945
Algarve,Algarve,1,ACF,12,0.0921,-0.1976,0.1976
Algarve,Algarve,1,ACF,13,0.1698,-0.1985,0.1985
Algarve,Algarve,1,ACF,14,0.099,-0.2015,0.2015
Algarve,Algarve,1,ACF,15,0.1766,-0.2026,0.2026
Algarve,Algarve,1,ACF,16,0.0415,-0.2058,0.2058
Algarve,Algarve,1,ACF,17,0.0025,-0.206,0.206
Algarve,Algarve,1,ACF,18,-0.0992,-0.206,0.206
Algarve,Algarve,1,ACF,19,0.0144,-0.207,0.207
Algarve,Algarve,1,ACF,20,0.0639,-0.207,0.207
Algarve,Algarve,1,ACF,21,0.1183,-0.2074,0.2074
Algarve,Algarve,1,ACF,22,0.0405,-0.2088,0.2088
Algarve,Algarve,1,ACF,23,0.0573,-0.209,0.209
Algarve,Algarve,1,ACF,24,0.0887,-0.2093,0.2093
Algarve,Algarve,1,PACF,0,1.0,0.0,0.0
Algarve,Algarve,1,PACF,1,0.2611,-0.1453,0.1453
Algarve,Algarve,1,PACF,2,0.2944,-0.1453,0.1453
Algarve,Algarve,1,PACF,3,-0.2019,-0.1453,0.1453
Algarve,Algarve,1,PACF,4,0.277,-0.1453,0.1453
Algarve,Algarve,1,PACF,5,0.1099,-0.1453,0.1453
Algarve,Algarve,1,PACF,6,-0.1256,-0.1453,0.1453
Algarve,Algarve,1,PACF,7,0.281,-0.1453,0.1453
Algarve,Algarve,1,PACF,8,0.0313,-0.1453,0.1453
Algarve,Algarve,1,PACF,9,-0.0576,-0.1453,0.1453
Algarve,Algarve,1,PACF,10,0.0986,-0.1453,0.1453
Algarve,Algarve,1,PACF,11,0.0651,-0.1453,0.1453
Algarve,Algarve,1,PACF,12,-0.0622,-0.1453,0.1453
Algarve,Algarve,1,PACF,13,0.1207,-0.1453,0.1453
Algarve,Algarve,1,PACF,14,0.0333,-0.1453,0.1453
Algarve,Algarve,1,PACF,15,0.0092,-0.1453,0.1453
Algarve,Algarve,1,PACF,16,-0.0573,-0.1453,0.1453
Algarve,Algarve,1,PACF,17,-0.1315,-0.1453,0.1453
Algarve,Algarve,1,PACF,18,-0.1524,-0.1453,0.1453
Algarve,Algarve,1,PACF,19,0.048,-0.1453,0.1453
Algarve,Algarve,1,PACF,20,0.0714,-0.1453,0.1453
Algarve,Algarve,1,PACF,21,0.0391,-0.1453,0.1453
Algarve,Algarve,1,PACF,22,-0.0212,-0.1453,0.1453
Algarve,Algarve,1,PACF,23,0.0527,-0.1453,0.1453
Algarve,Algarve,1,PACF,24,0.1044,-0.1453,0.1453
Algarve,Algarve,2,ACF,0,1.0,0.0,0.0
Algarve,Algarve,2,ACF,1,-0.5552,-0.1457,0.1457
Algarve,Algarve,2,ACF,2,0.3027,-0.1852,0.1852
Algarve,Algarve,2,ACF,3,-0.4547,-0.1954,0.1954
Algarve,Algarve,2,ACF,4,0.2995,-0.2167,0.2167
Algarve,Algarve,2,ACF,5,-0.0934,-0.2253,0.2253
Algarve,Algarve,2,ACF,6,-0.0422,-0.2262,0.2262
Algarve,Algarve,2,ACF,7,0.0646,-0.2263,0.2263
Algarve,Algarve,2,ACF,8,-0.0356,-0.2267,0.2267
Algarve,Algarve,2,ACF,9,0.0841,-0.2268,0.2268
Algarve,Algarve,2,ACF,10,-0.1438,-0.2275,0.2275
Algarve,Algarve,2,ACF,11,0.1205,-0.2294,0.2294
Algarve,Algarve,2,ACF,12,-0.1061,-0.2308,0.2308
Algarve,Algarve,2,ACF,13,0.1048,-0.2318,0.2318
Algarve,Algarve,2,ACF,14,-0.1011,-0.2328,0.2328
Algarve,Algarve,2,ACF,15,0.1508,-0.2337,0.2337
Algarve,Algarve,2,ACF,16,-0.0694,-0.2358,0.2358
Algarve,Algarve,2,ACF,17,0.0415,-0.2362,0.2362
Algarve,Algarve,2,ACF,18,-0.1504,-0.2364,0.2364
Algarve,Algarve,2,ACF,19,0.0506,-0.2384,0.2384
Algarve,Algarve,2,ACF,20,-0.0056,-0.2386,0.2386
Algarve,Algarve,2,ACF,21,0.0885,-0.2386,0.2386
Algarve,Algarve,2,ACF,22,-0.0708,-0.2393,0.2393
Algarve,Algarve,2,ACF,23,-0.0018,-0.2398,0.2398
Algarve,Algarve,2,ACF,24,0.0687,-0.2398,0.2398
Algarve,Algarve,2,PACF,0,1.0,0.0,0.0
Algarve,Algarve,2,PACF,1,-0.5583,-0.1457,0.1457
Algarve,Algarve,2,PACF,2,-0.0081,-0.1457,0.1457
Algarve,Algarve,2,PACF,3,-0.4281,-0.1457,0.1457
Algarve,Algarve,2,PACF,4,-0.2106,-0.1457,0.1457
Algarve,Algarve,2,PACF,5,0.0289,-0.1457,0.1457
Algarve,Algarve,2,PACF,6,-0.3592,-0.1457,0.1457
Algarve,Algarve,2,PACF,7,-0.0953,-0.1457,0.1457
Algarve,Algarve,2,PACF,8,-0.01,-0.1457,0.1457
Algarve,Algarve,2,PACF,9,-0.1614,-0.1457,0.1457
Algarve,Algarve,2,PACF,10,-0.1327,-0.1457,0.1457
Algarve,Algarve,2,PACF,11,-0.0151,-0.1457,0.1457
Algarve,Algarve,2,PACF,12,-0.1938,-0.1457,0.1457
Algarve,Algarve,2,PACF,13,-0.1087,-0.1457,0.1457
Algarve,Algarve,2,PACF,14,-0.0924,-0.1457,0.1457
Algarve,Algarve,2,PACF,15,-0.0025,-0.1457,0.1457
Algarve,Algarve,2,PACF,16,0.0782,-0.1457,0.1457
Algarve,Algarve,2,PACF,17,0.0999,-0.1457,0.1457
Algarve,Algarve,2,PACF,18,-0.0915,-0.1457,0.1457
Algarve,Algarve,2,PACF,19,-0.1141,-0.1457,0.1457
Algarve,Algarve,2,PACF,20,-0.0972,-0.1457,0.1457
Algarve,Algarve,2,PACF,21,-0.0349,-0.1457,0.1457
Algarve,Algarve,2,PACF,22,-0.1221,-0.1457,0.1457
Algarve,Algarve,2,PACF,23,-0.1791,-0.1457,0.1457
Algarve,Algarve,2,PACF,24,0.036,-0.1457,0.1457
Região Autónoma dos Açores,R.A. Açores,1,ACF,0,1.0,0.0,0.0
Região Autónoma dos Açores,R.A. Açores,1,ACF,1,0.1325,-0.1453,0.1453
Região Autónoma dos Açores,R.A. Açores,1,ACF,2,0.1625,-0.1478,0.1478
Região Autónoma dos Açores,R.A. Açores,1,ACF,3,-0.2439,-0.1515,0.1515
Região Autónoma dos Açores,R.A. Açores,1,ACF,4,0.1071,-0.1596,0.1596
Região Autónoma dos Açores,R.A. Açores,1,ACF,5,0.0492,-0.1611,0.1611
Região Autónoma dos Açores,R.A. Açores,1,ACF,6,0.078,-0.1614,0.1614
Região Autónoma dos Açores,R.A. Açores,1,ACF,7,0.0287,-0.1622,0.1622
Região Autónoma dos Açores,R.A. Açores,1,ACF,8,0.0134,-0.1623,0.1623
Região Autónoma dos Açores,R.A. Açores,1,ACF,9,0.0125,-0.1624,0.1624
Região Autónoma dos Açores,R.A. Açores,1,ACF,10,0.0798,-0.1624,0.1624
Região Autónoma dos Açores,R.A. Açores,1,ACF,11,0.0638,-0.1632,0.1632
Região Autónoma dos Açores,R.A. Açores,1,ACF,12,0.0629,-0.1637,0.1637
Região Autónoma dos Açores,R.A. Açores,1,ACF,13,0.0467,-0.1642,0.1642
Região Autónoma dos Açores,R.A. Açores,1,ACF,14,0.1259,-0.1645,0.1645
Região Autónoma dos Açores,R.A. Açores,1,ACF,15,0.0836,-0.1665,0.1665
Região Autónoma dos Açores,R.A. Açores,1,ACF,16,0.0693,-0.1674,0.1674
Região Autónoma dos Açores,R.A. Açores,1,ACF,17,-0.0175,-0.168,0.168
Região Autónoma dos Açores,R.A. Açores,1,ACF,18,0.089,-0.1681,0.1681
Região Autónoma dos Açores,R.A. Açores,1,ACF,19,0.0303,-0.1691,0.1691
Região Autónoma dos Açores,R.A. Açores,1,ACF,20,0.0884,-0.1692,0.1692
Região Autónoma dos Açores,R.A. Açores,1,ACF,21,0.0109,-0.1701,0.1701
Região Autónoma dos Açores,R.A. Açores,1,ACF,22,-0.0195,-0.1702,0.1702
Região Autónoma dos Açores,R.A. Açores,1,ACF,23,-0.0263,-0.1702,0.1702
Região Autónoma dos Açores,R.A. Açores,1,ACF,24,-0.0427,-0.1703,0.1703
Região Autónoma dos Açores,R.A. Açores,1,PACF,0,1.0,0.0,0.0
Região Autónoma dos Açores,R.A. Açores,1,PACF,1,0.1333,-0.1453,0.1453
Região Autónoma dos Açores,R.A. Açores,1,PACF,2,0.1492,-0.1453,0.1453
Região Autónoma dos Açores,R.A. Açores,1,PACF,3,-0.2983,-0.1453,0.1453
Região Autónoma dos Açores,R.A. Açores,1,PACF,4,0.181,-0.1453,0.1453
Região Autónoma dos Açores,R.A. Açores,1,PACF,5,0.1112,-0.1453,0.1453
Região Autónoma dos Açores,R.A. Açores,1,PACF,6,-0.0901,-0.1453,0.1453
Região Autónoma dos Açores,R.A. Açores,1,PACF,7,0.0948,-0.1453,0.1453
Região Autónoma dos Açores,R.A. Açores,1,PACF,8,0.0266,-0.1453,0.1453
Região Autónoma dos Açores,R.A. Açores,1,PACF,9,-0.0411,-0.1453,0.1453
Região Autónoma dos Açores,R.A. Açores,1,PACF,10,0.1288,-0.1453,0.1453
Região Autónoma dos Açores,R.A. Açores,1,PACF,11,0.0317,-0.1453,0.1453
Região Autónoma dos Açores,R.A. Açores,1,PACF,12,-0.0046,-0.1453,0.1453
Região Autónoma dos Açores,R.A. Açores,1,PACF,13,0.0987,-0.1453,0.1453
Região Autónoma dos Açores,R.A. Açores,1,PACF,14,0.1244,-0.1453,0.1453
Região Autónoma dos Açores,R.A. Açores,1,PACF,15,0.0149,-0.1453,0.1453
Região Autónoma dos Açores,R.A. Açores,1,PACF,16,0.0416,-0.1453,0.1453
Região Autónoma dos Açores,R.A. Açores,1,PACF,17,-0.0057,-0.1453,0.1453
Região Autónoma dos Açores,R.A. Açores,1,PACF,18,0.0936,-0.1453,0.1453
Região Autónoma dos Açores,R.A. Açores,1,PACF,19,0.0054,-0.1453,0.1453
Região Autónoma dos Açores,R.A. Açores,1,PACF,20,0.0193,-0.1453,0.1453
Região Autónoma dos Açores,R.A. Açores,1,PACF,21,0.0359,-0.1453,0.1453
Região Autónoma dos Açores,R.A. Açores,1,PACF,22,-0.0948,-0.1453,0.1453
Região Autónoma dos Açores,R.A. Açores,1,PACF,23,-0.0142,-0.1453,0.1453
Região Autónoma dos Açores,R.A. Açores,1,PACF,24,-0.0548,-0.1453,0.1453
Região Autónoma dos Açores,R.A. Açores,2,ACF,0,1.0,0.0,0.0
Região Autónoma dos Açores,R.A. Açores,2,ACF,1,-0.5173,-0.1457,0.1457
Região Autónoma dos Açores,R.A. Açores,2,ACF,2,0.251,-0.1805,0.1805
Região Autónoma dos Açores,R.A. Açores,2,ACF,3,-0.4349,-0.1878,0.1878
Região Autónoma dos Açores,R.A. Açores,2,ACF,4,0.231,-0.2081,0.2081
Região Autónoma dos Açores,R.A. Açores,2,ACF,5,-0.0489,-0.2134,0.2134
Região Autónoma dos Açores,R.A. Açores,2,ACF,6,0.0457,-0.2137,0.2137
Região Autónoma dos Açores,R.A. Açores,2,ACF,7,-0.0172,-0.2139,0.2139
Região Autónoma dos Açores,R.A. Açores,2,ACF,8,-0.0095,-0.2139,0.2139
Região Autónoma dos Açores,R.A. Açores,2,ACF,9,-0.0387,-0.2139,0.2139
Região Autónoma dos Açores,R.A. Açores,2,ACF,10,0.0495,-0.2141,0.2141
Região Autónoma dos Açores,R.A. Açores,2,ACF,11,-0.011,-0.2143,0.2143
Região Autónoma dos Açores,R.A. Açores,2,ACF,12,0.0079,-0.2143,0.2143
Região Autónoma dos Açores,R.A. Açores,2,ACF,13,-0.0543,-0.2143,0.2143
Região Autónoma dos Açores,R.A. Açores,2,ACF,14,0.0732,-0.2146,0.2146
Região Autónoma dos Açores,R.A. Açores,2,ACF,15,-0.0158,-0.2151,0.2151
Região Autónoma dos Açores,R.A. Açores,2,ACF,16,0.0381,-0.2152,0.2152
Região Autónoma dos Açores,R.A. Açores,2,ACF,17,-0.1109,-0.2153,0.2153
Região Autónoma dos Açores,R.A. Açores,2,ACF,18,0.096,-0.2165,0.2165
Região Autónoma dos Açores,R.A. Açores,2,ACF,19,-0.0692,-0.2174,0.2174
Região Autónoma dos Açores,R.A. Açores,2,ACF,20,0.0812,-0.2179,0.2179
Região Autónoma dos Açores,R.A. Açores,2,ACF,21,-0.0283,-0.2185,0.2185
Região Autónoma dos Açores,R.A. Açores,2,ACF,22,-0.0083,-0.2186,0.2186
Região Autónoma dos Açores,R.A. Açores,2,ACF,23,-0.0031,-0.2186,0.2186
Região Autónoma dos Açores,R.A. Açores,2,ACF,24,-0.1252,-0.2186,0.2186
Região Autónoma dos Açores,R.A. Açores,2,PACF,0,1.0,0.0,0.0
Região Autónoma dos Açores,R.A. Açores,2,PACF,1,-0.5202,-0.1457,0.1457
Região Autónoma dos Açores,R.A. Açores,2,PACF,2,-0.0231,-0.1457,0.1457
Região Autónoma dos Açores,R.A. Açores,2,PACF,3,-0.4378,-0.1457,0.1457
Região Autónoma dos Açores,R.A. Açores,2,PACF,4,-0.2824,-0.1457,0.1457
Região Autónoma dos Açores,R.A. Açores,2,PACF,5,-0.0648,-0.1457,0.1457
Região Autónoma dos Açores,R.A. Açores,2,PACF,6,-0.2266,-0.1457,0.1457
Região Autónoma dos Açores,R.A. Açores,2,PACF,7,-0.1414,-0.1457,0.1457
Região Autónoma dos Açores,R.A. Açores,2,PACF,8,-0.0707,-0.1457,0.1457
Região Autónoma dos Açores,R.A. Açores,2,PACF,9,-0.2238,-0.1457,0.1457
Região Autónoma dos Açores,R.A. Açores,2,PACF,10,-0.1178,-0.1457,0.1457
Região Autónoma dos Açores,R.A. Açores,2,PACF,11,-0.0844,-0.1457,0.1457
Região Autónoma dos Açores,R.A. Açores,2,PACF,12,-0.1853,-0.1457,0.1457
Região Autónoma dos Açores,R.A. Açores,2,PACF,13,-0.2142,-0.1457,0.1457
Região Autónoma dos Açores,R.A. Açores,2,PACF,14,-0.1125,-0.1457,0.1457
Região Autónoma dos Açores,R.A. Açores,2,PACF,15,-0.1391,-0.1457,0.1457
Região Autónoma dos Açores,R.A. Açores,2,PACF,16,-0.1015,-0.1457,0.1457
Região Autónoma dos Açores,R.A. Açores,2,PACF,17,-0.213,-0.1457,0.1457
Região Autónoma dos Açores,R.A. Açores,2,PACF,18,-0.1406,-0.1457,0.1457
Região Autónoma dos Açores,R.A. Açores,2,PACF,19,-0.1796,-0.1457,0.1457
Região Autónoma dos Açores,R.A. Açores,2,PACF,20,-0.2217,-0.1457,0.1457
Região Autónoma dos Açores,R.A. Açores,2,PACF,21,-0.1066,-0.1457,0.1457
Região Autónoma dos Açores,R.A. Açores,2,PACF,22,-0.1821,-0.1457,0.1457
Região Autónoma dos Açores,R.A. Açores,2,PACF,23,-0.1642,-0.1457,0.1457
Região Autónoma dos Açores,R.A. Açores,2,PACF,24,-0.4756,-0.1457,0.1457
Região Autónoma da Madeira,R.A. Madeira,1,ACF,0,1.0,0.0,0.0
Região Autónoma da Madeira,R.A. Madeira,1,ACF,1,0.123,-0.1453,0.1453
Região Autónoma da Madeira,R.A. Madeira,1,ACF,2,0.1951,-0.1475,0.1475
Região Autónoma da Madeira,R.A. Madeira,1,ACF,3,-0.2248,-0.1528,0.1528
Região Autónoma da Madeira,R.A. Madeira,1,ACF,4,0.3392,-0.1596,0.1596
Região Autónoma da Madeira,R.A. Madeira,1,ACF,5,0.1942,-0.1742,0.1742
Região Autónoma da Madeira,R.A. Madeira,1,ACF,6,0.2553,-0.1787,0.1787
Região Autónoma da Madeira,R.A. Madeira,1,ACF,7,0.0145,-0.1862,0.1862
Região Autónoma da Madeira,R.A. Madeira,1,ACF,8,0.1521,-0.1863,0.1863
Região Autónoma da Madeira,R.A. Madeira,1,ACF,9,0.1562,-0.1889,0.1889
Região Autónoma da Madeira,R.A. Madeira,1,ACF,10,0.2004,-0.1916,0.1916
Região Autónoma da Madeira,R.A. Madeira,1,ACF,11,0.102,-0.196,0.196
Região Autónoma da Madeira,R.A. Madeira,1,ACF,12,0.1622,-0.1971,0.1971
Região Autónoma da Madeira,R.A. Madeira,1,ACF,13,0.2389,-0.1999,0.1999
Região Autónoma da Madeira,R.A. Madeira,1,ACF,14,0.2224,-0.2058,0.2058
Região Autónoma da Madeira,R.A. Madeira,1,ACF,15,0.1188,-0.2108,0.2108
Região Autónoma da Madeira,R.A. Madeira,1,ACF,16,0.0507,-0.2122,0.2122
Região Autónoma da Madeira,R.A. Madeira,1,ACF,17,0.0938,-0.2125,0.2125
Região Autónoma da Madeira,R.A. Madeira,1,ACF,18,0.1469,-0.2134,0.2134
Região Autónoma da Madeira,R.A. Madeira,1,ACF,19,0.0962,-0.2155,0.2155
Região Autónoma da Madeira,R.A. Madeira,1,ACF,20,0.0993,-0.2164,0.2164
Região Autónoma da Madeira,R.A. Madeira,1,ACF,21,0.082,-0.2173,0.2173
Região Autónoma da Madeira,R.A. Madeira,1,ACF,22,0.2168,-0.218,0.218
Região Autónoma da Madeira,R.A. Madeira,1,ACF,23,0.1169,-0.2225,0.2225
Região Autónoma da Madeira,R.A. Madeira,1,ACF,24,0.146,-0.2238,0.2238
Região Autónoma da Madeira,R.A. Madeira,1,PACF,0,1.0,0.0,0.0
Região Autónoma da Madeira,R.A. Madeira,1,PACF,1,0.1236,-0.1453,0.1453
Região Autónoma da Madeira,R.A. Madeira,1,PACF,2,0.1848,-0.1453,0.1453
Região Autónoma da Madeira,R.A. Madeira,1,PACF,3,-0.2853,-0.1453,0.1453
Região Autónoma da Madeira,R.A. Madeira,1,PACF,4,0.4293,-0.1453,0.1453
Região Autónoma da Madeira,R.A. Madeira,1,PACF,5,0.2077,-0.1453,0.1453
Região Autónoma da Madeira,R.A. Madeira,1,PACF,6,-0.0381,-0.1453,0.1453
Região Autónoma da Madeira,R.A. Madeira,1,PACF,7,0.1565,-0.1453,0.1453
Região Autónoma da Madeira,R.A. Madeira,1,PACF,8,0.1245,-0.1453,0.1453
Região Autónoma da Madeira,R.A. Madeira,1,PACF,9,0.0549,-0.1453,0.1453
Região Autónoma da Madeira,R.A. Madeira,1,PACF,10,0.0633,-0.1453,0.1453
Região Autónoma da Madeira,R.A. Madeira,1,PACF,11,0.0512,-0.1453,0.1453
Região Autónoma da Madeira,R.A. Madeira,1,PACF,12,0.1289,-0.1453,0.1453
Região Autónoma da Madeira,R.A. Madeira,1,PACF,13,0.2139,-0.1453,0.1453
Região Autónoma da Madeira,R.A. Madeira,1,PACF,14,0.0683,-0.1453,0.1453
Região Autónoma da Madeira,R.A. Madeira,1,PACF,15,0.0182,-0.1453,0.1453
Região Autónoma da Madeira,R.A. Madeira,1,PACF,16,0.0342,-0.1453,0.1453
Região Autónoma da Madeira,R.A. Madeira,1,PACF,17,-0.0393,-0.1453,0.1453
Região Autónoma da Madeira,R.A. Madeira,1,PACF,18,-0.035,-0.1453,0.1453
Região Autónoma da Madeira,R.A. Madeira,1,PACF,19,-0.101,-0.1453,0.1453
Região Autónoma da Madeira,R.A. Madeira,1,PACF,20,0.005,-0.1453,0.1453
Região Autónoma da Madeira,R.A. Madeira,1,PACF,21,0.0131,-0.1453,0.1453
Região Autónoma da Madeira,R.A. Madeira,1,PACF,22,0.1138,-0.1453,0.1453
Região Autónoma da Madeira,R.A. Madeira,1,PACF,23,-0.0014,-0.1453,0.1453
Região Autónoma da Madeira,R.A. Madeira,1,PACF,24,0.0439,-0.1453,0.1453
Região Autónoma da Madeira,R.A. Madeira,2,ACF,0,1.0,0.0,0.0
Região Autónoma da Madeira,R.A. Madeira,2,ACF,1,-0.5343,-0.1457,0.1457
Região Autónoma da Madeira,R.A. Madeira,2,ACF,2,0.2736,-0.1826,0.1826
Região Autónoma da Madeira,R.A. Madeira,2,ACF,3,-0.5579,-0.1911,0.1911
Região Autónoma da Madeira,R.A. Madeira,2,ACF,4,0.3915,-0.223,0.223
Região Autónoma da Madeira,R.A. Madeira,2,ACF,5,-0.0993,-0.2371,0.2371
Região Autónoma da Madeira,R.A. Madeira,2,ACF,6,0.1665,-0.238,0.238
Região Autónoma da Madeira,R.A. Madeira,2,ACF,7,-0.2239,-0.2405,0.2405
Região Autónoma da Madeira,R.A. Madeira,2,ACF,8,0.0759,-0.2449,0.2449
Região Autónoma da Madeira,R.A. Madeira,2,ACF,9,-0.0155,-0.2454,0.2454
Região Autónoma da Madeira,R.A. Madeira,2,ACF,10,0.0967,-0.2454,0.2454
Região Autónoma da Madeira,R.A. Madeira,2,ACF,11,-0.1095,-0.2462,0.2462
Região Autónoma da Madeira,R.A. Madeira,2,ACF,12,-0.0123,-0.2472,0.2472
Região Autónoma da Madeira,R.A. Madeira,2,ACF,13,0.0474,-0.2472,0.2472
Região Autónoma da Madeira,R.A. Madeira,2,ACF,14,0.0679,-0.2474,0.2474
Região Autónoma da Madeira,R.A. Madeira,2,ACF,15,-0.0102,-0.2478,0.2478
Região Autónoma da Madeira,R.A. Madeira,2,ACF,16,-0.0805,-0.2478,0.2478
Região Autónoma da Madeira,R.A. Madeira,2,ACF,17,-0.0117,-0.2484,0.2484
Região Autónoma da Madeira,R.A. Madeira,2,ACF,18,0.0643,-0.2484,0.2484
Região Autónoma da Madeira,R.A. Madeira,2,ACF,19,-0.0257,-0.2488,0.2488
Região Autónoma da Madeira,R.A. Madeira,2,ACF,20,0.0052,-0.2488,0.2488
Região Autónoma da Madeira,R.A. Madeira,2,ACF,21,-0.0888,-0.2488,0.2488
Região Autónoma da Madeira,R.A. Madeira,2,ACF,22,0.1351,-0.2495,0.2495
Região Autónoma da Madeira,R.A. Madeira,2,ACF,23,-0.0675,-0.251,0.251
Região Autónoma da Madeira,R.A. Madeira,2,ACF,24,0.1207,-0.2514,0.2514
Região Autónoma da Madeira,R.A. Madeira,2,PACF,0,1.0,0.0,0.0
Região Autónoma da Madeira,R.A. Madeira,2,PACF,1,-0.5373,-0.1457,0.1457
Região Autónoma da Madeira,R.A. Madeira,2,PACF,2,-0.0168,-0.1457,0.1457
Região Autónoma da Madeira,R.A. Madeira,2,PACF,3,-0.5978,-0.1457,0.1457
Região Autónoma da Madeira,R.A. Madeira,2,PACF,4,-0.3094,-0.1457,0.1457
Região Autónoma da Madeira,R.A. Madeira,2,PACF,5,-0.0329,-0.1457,0.1457
Região Autónoma da Madeira,R.A. Madeira,2,PACF,6,-0.2055,-0.1457,0.1457
Região Autónoma da Madeira,R.A. Madeira,2,PACF,7,-0.2084,-0.1457,0.1457
Região Autónoma da Madeira,R.A. Madeira,2,PACF,8,-0.1133,-0.1457,0.1457
Região Autónoma da Madeira,R.A. Madeira,2,PACF,9,-0.101,-0.1457,0.1457
Região Autónoma da Madeira,R.A. Madeira,2,PACF,10,-0.0836,-0.1457,0.1457
Região Autónoma da Madeira,R.A. Madeira,2,PACF,11,-0.1678,-0.1457,0.1457
Região Autónoma da Madeira,R.A. Madeira,2,PACF,12,-0.2576,-0.1457,0.1457
Região Autónoma da Madeira,R.A. Madeira,2,PACF,13,-0.1194,-0.1457,0.1457
Região Autónoma da Madeira,R.A. Madeira,2,PACF,14,-0.0772,-0.1457,0.1457
Região Autónoma da Madeira,R.A. Madeira,2,PACF,15,-0.0575,-0.1457,0.1457
Região Autónoma da Madeira,R.A. Madeira,2,PACF,16,0.0047,-0.1457,0.1457
Região Autónoma da Madeira,R.A. Madeira,2,PACF,17,0.0126,-0.1457,0.1457
Região Autónoma da Madeira,R.A. Madeira,2,PACF,18,0.1308,-0.1457,0.1457
Região Autónoma da Madeira,R.A. Madeira,2,PACF,19,0.006,-0.1457,0.1457
Região Autónoma da Madeira,R.A. Madeira,2,PACF,20,-0.024,-0.1457,0.1457
Região Autónoma da Madeira,R.A. Madeira,2,PACF,21,-0.1089,-0.1457,0.1457
Região Autónoma da Madeira,R.A. Madeira,2,PACF,22,-0.017,-0.1457,0.1457
Região Autónoma da Madeira,R.A. Madeira,2,PACF,23,-0.0952,-0.1457,0.1457
Região Autónoma da Madeira,R.A. Madeira,2,PACF,24,0.0837,-0.1457,0.1457
