region,short_name,supply_pct,date,point
Oeste e Vale do Tejo,Oeste e Vale do Tejo,-50,2026-04-01,1714.8
Oeste e Vale do Tejo,Oeste e Vale do Tejo,-50,2026-05-01,1736.5
Oeste e Vale do Tejo,Oeste e Vale do Tejo,-50,2026-06-01,1759.1
Oeste e Vale do Tejo,Oeste e Vale do Tejo,-50,2026-07-01,1780.7
Oeste e Vale do Tejo,Oeste e Vale do Tejo,-50,2026-08-01,1804.1
Oeste e Vale do Tejo,Oeste e Vale do Tejo,-50,2026-09-01,1825.5
Oeste e Vale do Tejo,Oeste e Vale do Tejo,-50,2026-10-01,1846.9
Oeste e Vale do Tejo,Oeste e Vale do Tejo,-50,2026-11-01,1866.6
Oeste e Vale do Tejo,Oeste e Vale do Tejo,-50,2026-12-01,1885.9
Oeste e Vale do Tejo,Oeste e Vale do Tejo,-50,2027-01-01,1907.9
Oeste e Vale do Tejo,Oeste e Vale do Tejo,-50,2027-02-01,1927.3
Oeste e Vale do Tejo,Oeste e Vale do Tejo,-50,2027-03-01,1949.0
Oeste e Vale do Tejo,Oeste e Vale do Tejo,-30,2026-04-01,1709.5
Oeste e Vale do Tejo,Oeste e Vale do Tejo,-30,2026-05-01,1731.2
Oeste e Vale do Tejo,Oeste e Vale do Tejo,-30,2026-06-01,1753.8
Oeste e Vale do Tejo,Oeste e Vale do Tejo,-30,2026-07-01,1775.4
Oeste e Vale do Tejo,Oeste e Vale do Tejo,-30,2026-08-01,1798.8
Oeste e Vale do Tejo,Oeste e Vale do Tejo,-30,2026-09-01,1820.2
Oeste e Vale do Tejo,Oeste e Vale do Tejo,-30,2026-10-01,1841.6
Oeste e Vale do Tejo,Oeste e Vale do Tejo,-30,2026-11-01,1861.3
Oeste e Vale do Tejo,Oeste e Vale do Tejo,-30,2026-12-01,1880.6
Oeste e Vale do Tejo,Oeste e Vale do Tejo,-30,2027-01-01,1902.6
Oeste e Vale do Tejo,Oeste e Vale do Tejo,-30,2027-02-01,1922.0
Oeste e Vale do Tejo,Oeste e Vale do Tejo,-30,2027-03-01,1943.7
Oeste e Vale do Tejo,Oeste e Vale do Tejo,-15,2026-04-01,1705.5
Oeste e Vale do Tejo,Oeste e Vale do Tejo,-15,2026-05-01,1727.2
Oeste e Vale do Tejo,Oeste e Vale do Tejo,-15,2026-06-01,1749.9
Oeste e Vale do Tejo,Oeste e Vale do Tejo,-15,2026-07-01,1771.4
Oeste e Vale do Tejo,Oeste e Vale do Tejo,-15,2026-08-01,1794.8
Oeste e Vale do Tejo,Oeste e Vale do Tejo,-15,2026-09-01,1816.3
Oeste e Vale do Tejo,Oeste e Vale do Tejo,-15,2026-10-01,1837.6
Oeste e Vale do Tejo,Oeste e Vale do Tejo,-15,2026-11-01,1857.4
Oeste e Vale do Tejo,Oeste e Vale do Tejo,-15,2026-12-01,1876.6
Oeste e Vale do Tejo,Oeste e Vale do Tejo,-15,2027-01-01,1898.6
Oeste e Vale do Tejo,Oeste e Vale do Tejo,-15,2027-02-01,1918.1
Oeste e Vale do Tejo,Oeste e Vale do Tejo,-15,2027-03-01,1939.7
Oeste e Vale do Tejo,Oeste e Vale do Tejo,0,2026-04-01,1701.6
Oeste e Vale do Tejo,Oeste e Vale do Tejo,0,2026-05-01,1723.3
Oeste e Vale do Tejo,Oeste e Vale do Tejo,0,2026-06-01,1745.9
Oeste e Vale do Tejo,Oeste e Vale do Tejo,0,2026-07-01,1767.5
Oeste e Vale do Tejo,Oeste e Vale do Tejo,0,2026-08-01,1790.9
Oeste e Vale do Tejo,Oeste e Vale do Tejo,0,2026-09-01,1812.3
Oeste e Vale do Tejo,Oeste e Vale do Tejo,0,2026-10-01,1833.6
Oeste e Vale do Tejo,Oeste e Vale do Tejo,0,2026-11-01,1853.4
Oeste e Vale do Tejo,Oeste e Vale do Tejo,0,2026-12-01,1872.6
Oeste e Vale do Tejo,Oeste e Vale do Tejo,0,2027-01-01,1894.6
Oeste e Vale do Tejo,Oeste e Vale do Tejo,0,2027-02-01,1914.1
Oeste e Vale do Tejo,Oeste e Vale do Tejo,0,2027-03-01,1935.8
Oeste e Vale do Tejo,Oeste e Vale do Tejo,15,2026-04-01,1697.6
Oeste e Vale do Tejo,Oeste e Vale do Tejo,15,2026-05-01,1719.3
Oeste e Vale do Tejo,Oeste e Vale do Tejo,15,2026-06-01,1741.9
Oeste e Vale do Tejo,Oeste e Vale do Tejo,15,2026-07-01,1763.5
Oeste e Vale do Tejo,Oeste e Vale do Tejo,15,2026-08-01,1786.9
Oeste e Vale do Tejo,Oeste e Vale do Tejo,15,2026-09-01,1808.3
Oeste e Vale do Tejo,Oeste e Vale do Tejo,15,2026-10-01,1829.7
Oeste e Vale do Tejo,Oeste e Vale do Tejo,15,2026-11-01,1849.4
Oeste e Vale do Tejo,Oeste e Vale do Tejo,15,2026-12-01,1868.7
Oeste e Vale do Tejo,Oeste e Vale do Tejo,15,2027-01-01,1890.7
Oeste e Vale do Tejo,Oeste e Vale do Tejo,15,2027-02-01,1910.1
Oeste e Vale do Tejo,Oeste e Vale do Tejo,15,2027-03-01,1931.8
Oeste e Vale do Tejo,Oeste e Vale do Tejo,30,2026-04-01,1693.6
Oeste e Vale do Tejo,Oeste e Vale do Tejo,30,2026-05-01,1715.3
Oeste e Vale do Tejo,Oeste e Vale do Tejo,30,2026-06-01,1738.0
Oeste e Vale do Tejo,Oeste e Vale do Tejo,30,2026-07-01,1759.5
Oeste e Vale do Tejo,Oeste e Vale do Tejo,30,2026-08-01,1782.9
Oeste e Vale do Tejo,Oeste e Vale do Tejo,30,2026-09-01,1804.4
Oeste e Vale do Tejo,Oeste e Vale do Tejo,30,2026-10-01,1825.7
Oeste e Vale do Tejo,Oeste e Vale do Tejo,30,2026-11-01,1845.5
Oeste e Vale do Tejo,Oeste e Vale do Tejo,30,2026-12-01,1864.7
Oeste e Vale do Tejo,Oeste e Vale do Tejo,30,2027-01-01,1886.7
Oeste e Vale do Tejo,Oeste e Vale do Tejo,30,2027-02-01,1906.2
Oeste e Vale do Tejo,Oeste e Vale do Tejo,30,2027-03-01,1927.8
Oeste e Vale do Tejo,Oeste e Vale do Tejo,50,2026-04-01,1688.4
Oeste e Vale do Tejo,Oeste e Vale do Tejo,50,2026-05-01,1710.0
Oeste e Vale do Tejo,Oeste e Vale do Tejo,50,2026-06-01,1732.7
Oeste e Vale do Tejo,Oeste e Vale do Tejo,50,2026-07-01,1754.3
Oeste e Vale do Tejo,Oeste e Vale do Tejo,50,2026-08-01,1777.6
Oeste e Vale do Tejo,Oeste e Vale do Tejo,50,2026-09-01,1799.1
Oeste e Vale do Tejo,Oeste e Vale do Tejo,50,2026-10-01,1820.4
Oeste e Vale do Tejo,Oeste e Vale do Tejo,50,2026-11-01,1840.2
Oeste e Vale do Tejo,Oeste e Vale do Tejo,50,2026-12-01,1859.4
Oeste e Vale do Tejo,Oeste e Vale do Tejo,50,2027-01-01,1881.4
Oeste e Vale do Tejo,Oeste e Vale do Tejo,50,2027-02-01,1900.9
Oeste e Vale do Tejo,Oeste e Vale do Tejo,50,2027-03-01,1922.6
Grande Lisboa,Grande Lisboa,-50,2026-04-01,3358.1
Grande Lisboa,Grande Lisboa,-50,2026-05-01,3400.9
Grande Lisboa,Grande Lisboa,-50,2026-06-01,3443.3
Grande Lisboa,Grande Lisboa,-50,2026-07-01,3484.2
Grande Lisboa,Grande Lisboa,-50,2026-08-01,3521.1
Grande Lisboa,Grande Lisboa,-50,2026-09-01,3560.7
Grande Lisboa,Grande Lisboa,-50,2026-10-01,3599.8
Grande Lisboa,Grande Lisboa,-50,2026-11-01,3640.2
Grande Lisboa,Grande Lisboa,-50,2026-12-01,3679.4
Grande Lisboa,Grande Lisboa,-50,2027-01-01,3719.0
Grande Lisboa,Grande Lisboa,-50,2027-02-01,3754.8
Grande Lisboa,Grande Lisboa,-50,2027-03-01,3792.0
Grande Lisboa,Grande Lisboa,-30,2026-04-01,3343.2
Grande Lisboa,Grande Lisboa,-30,2026-05-01,3386.0
Grande Lisboa,Grande Lisboa,-30,2026-06-01,3428.4
Grande Lisboa,Grande Lisboa,-30,2026-07-01,3469.4
Grande Lisboa,Grande Lisboa,-30,2026-08-01,3506.3
Grande Lisboa,Grande Lisboa,-30,2026-09-01,3545.9
Grande Lisboa,Grande Lisboa,-30,2026-10-01,3584.9
Grande Lisboa,Grande Lisboa,-30,2026-11-01,3625.3
Grande Lisboa,Grande Lisboa,-30,2026-12-01,3664.5
Grande Lisboa,Grande Lisboa,-30,2027-01-01,3704.2
Grande Lisboa,Grande Lisboa,-30,2027-02-01,3740.0
Grande Lisboa,Grande Lisboa,-30,2027-03-01,3777.1
Grande Lisboa,Grande Lisboa,-15,2026-04-01,3332.1
Grande Lisboa,Grande Lisboa,-15,2026-05-01,3374.9
Grande Lisboa,Grande Lisboa,-15,2026-06-01,3417.3
Grande Lisboa,Grande Lisboa,-15,2026-07-01,3458.2
Grande Lisboa,Grande Lisboa,-15,2026-08-01,3495.1
Grande Lisboa,Grande Lisboa,-15,2026-09-01,3534.7
Grande Lisboa,Grande Lisboa,-15,2026-10-01,3573.8
Grande Lisboa,Grande Lisboa,-15,2026-11-01,3614.2
Grande Lisboa,Grande Lisboa,-15,2026-12-01,3653.4
Grande Lisboa,Grande Lisboa,-15,2027-01-01,3693.0
Grande Lisboa,Grande Lisboa,-15,2027-02-01,3728.8
Grande Lisboa,Grande Lisboa,-15,2027-03-01,3766.0
Grande Lisboa,Grande Lisboa,0,2026-04-01,3321.0
Grande Lisboa,Grande Lisboa,0,2026-05-01,3363.7
Grande Lisboa,Grande Lisboa,0,2026-06-01,3406.1
Grande Lisboa,Grande Lisboa,0,2026-07-01,3447.1
Grande Lisboa,Grande Lisboa,0,2026-08-01,3484.0
Grande Lisboa,Grande Lisboa,0,2026-09-01,3523.6
Grande Lisboa,Grande Lisboa,0,2026-10-01,3562.6
Grande Lisboa,Grande Lisboa,0,2026-11-01,3603.1
Grande Lisboa,Grande Lisboa,0,2026-12-01,3642.3
Grande Lisboa,Grande Lisboa,0,2027-01-01,3681.9
Grande Lisboa,Grande Lisboa,0,2027-02-01,3717.7
Grande Lisboa,Grande Lisboa,0,2027-03-01,3754.8
Grande Lisboa,Grande Lisboa,15,2026-04-01,3309.8
Grande Lisboa,Grande Lisboa,15,2026-05-01,3352.6
Grande Lisboa,Grande Lisboa,15,2026-06-01,3395.0
Grande Lisboa,Grande Lisboa,15,2026-07-01,3435.9
Grande Lisboa,Grande Lisboa,15,2026-08-01,3472.9
Grande Lisboa,Grande Lisboa,15,2026-09-01,3512.4
Grande Lisboa,Grande Lisboa,15,2026-10-01,3551.5
Grande Lisboa,Grande Lisboa,15,2026-11-01,3591.9
Grande Lisboa,Grande Lisboa,15,2026-12-01,3631.1
Grande Lisboa,Grande Lisboa,15,2027-01-01,3670.7
Grande Lisboa,Grande Lisboa,15,2027-02-01,3706.6
Grande Lisboa,Grande Lisboa,15,2027-03-01,3743.7
Grande Lisboa,Grande Lisboa,30,2026-04-01,3298.7
Grande Lisboa,Grande Lisboa,30,2026-05-01,3341.5
Grande Lisboa,Grande Lisboa,30,2026-06-01,3383.8
Grande Lisboa,Grande Lisboa,30,2026-07-01,3424.8
Grande Lisboa,Grande Lisboa,30,2026-08-01,3461.7
Grande Lisboa,Grande Lisboa,30,2026-09-01,3501.3
Grande Lisboa,Grande Lisboa,30,2026-10-01,3540.4
Grande Lisboa,Grande Lisboa,30,2026-11-01,3580.8
Grande Lisboa,Grande Lisboa,30,2026-12-01,3620.0
Grande Lisboa,Grande Lisboa,30,2027-01-01,3659.6
Grande Lisboa,Grande Lisboa,30,2027-02-01,3695.4
Grande Lisboa,Grande Lisboa,30,2027-03-01,3732.6
Grande Lisboa,Grande Lisboa,50,2026-04-01,3283.8
Grande Lisboa,Grande Lisboa,50,2026-05-01,3326.6
Grande Lisboa,Grande Lisboa,50,2026-06-01,3369.0
Grande Lisboa,Grande Lisboa,50,2026-07-01,3409.9
Grande Lisboa,Grande Lisboa,50,2026-08-01,3446.9
Grande Lisboa,Grande Lisboa,50,2026-09-01,3486.4
Grande Lisboa,Grande Lisboa,50,2026-10-01,3525.5
Grande Lisboa,Grande Lisboa,50,2026-11-01,3565.9
Grande Lisboa,Grande Lisboa,50,2026-12-01,3605.1
Grande Lisboa,Grande Lisboa,50,2027-01-01,3644.7
Grande Lisboa,Grande Lisboa,50,2027-02-01,3680.6
Grande Lisboa,Grande Lisboa,50,2027-03-01,3717.7
Região Autónoma da Madeira,R.A. Madeira,-50,2026-04-01,2480.4
Região Autónoma da Madeira,R.A. Madeira,-50,2026-05-01,2492.8
Região Autónoma da Madeira,R.A. Madeira,-50,2026-06-01,2487.2
Região Autónoma da Madeira,R.A. Madeira,-50,2026-07-01,2498.9
Região Autónoma da Madeira,R.A. Madeira,-50,2026-08-01,2499.9
Região Autónoma da Madeira,R.A. Madeira,-50,2026-09-01,2504.6
Região Autónoma da Madeira,R.A. Madeira,-50,2026-10-01,2502.5
Região Autónoma da Madeira,R.A. Madeira,-50,2026-11-01,2511.4
Região Autónoma da Madeira,R.A. Madeira,-50,2026-12-01,2512.3
Região Autónoma da Madeira,R.A. Madeira,-50,2027-01-01,2516.7
Região Autónoma da Madeira,R.A. Madeira,-50,2027-02-01,2516.2
Região Autónoma da Madeira,R.A. Madeira,-50,2027-03-01,2521.2
Região Autónoma da Madeira,R.A. Madeira,-30,2026-04-01,2491.2
Região Autónoma da Madeira,R.A. Madeira,-30,2026-05-01,2503.6
Região Autónoma da Madeira,R.A. Madeira,-30,2026-06-01,2498.0
Região Autónoma da Madeira,R.A. Madeira,-30,2026-07-01,2509.7
Região Autónoma da Madeira,R.A. Madeira,-30,2026-08-01,2510.7
Região Autónoma da Madeira,R.A. Madeira,-30,2026-09-01,2515.4
Região Autónoma da Madeira,R.A. Madeira,-30,2026-10-01,2513.3
Região Autónoma da Madeira,R.A. Madeira,-30,2026-11-01,2522.2
Região Autónoma da Madeira,R.A. Madeira,-30,2026-12-01,2523.2
Região Autónoma da Madeira,R.A. Madeira,-30,2027-01-01,2527.5
Região Autónoma da Madeira,R.A. Madeira,-30,2027-02-01,2527.0
Região Autónoma da Madeira,R.A. Madeira,-30,2027-03-01,2532.0
Região Autónoma da Madeira,R.A. Madeira,-15,2026-04-01,2499.4
Região Autónoma da Madeira,R.A. Madeira,-15,2026-05-01,2511.7
Região Autónoma da Madeira,R.A. Madeira,-15,2026-06-01,2506.1
Região Autónoma da Madeira,R.A. Madeira,-15,2026-07-01,2517.9
Região Autónoma da Madeira,R.A. Madeira,-15,2026-08-01,2518.8
Região Autónoma da Madeira,R.A. Madeira,-15,2026-09-01,2523.5
Região Autónoma da Madeira,R.A. Madeira,-15,2026-10-01,2521.4
Região Autónoma da Madeira,R.A. Madeira,-15,2026-11-01,2530.3
Região Autónoma da Madeira,R.A. Madeira,-15,2026-12-01,2531.3
Região Autónoma da Madeira,R.A. Madeira,-15,2027-01-01,2535.6
Região Autónoma da Madeira,R.A. Madeira,-15,2027-02-01,2535.1
Região Autónoma da Madeira,R.A. Madeira,-15,2027-03-01,2540.1
Região Autónoma da Madeira,R.A. Madeira,0,2026-04-01,2507.5
Região Autónoma da Madeira,R.A. Madeira,0,2026-05-01,2519.8
Região Autónoma da Madeira,R.A. Madeira,0,2026-06-01,2514.2
Região Autónoma da Madeira,R.A. Madeira,0,2026-07-01,2526.0
Região Autónoma da Madeira,R.A. Madeira,0,2026-08-01,2526.9
Região Autónoma da Madeira,R.A. Madeira,0,2026-09-01,2531.6
Região Autónoma da Madeira,R.A. Madeira,0,2026-10-01,2529.5
Região Autónoma da Madeira,R.A. Madeira,0,2026-11-01,2538.4
Região Autónoma da Madeira,R.A. Madeira,0,2026-12-01,2539.4
Região Autónoma da Madeira,R.A. Madeira,0,2027-01-01,2543.7
Região Autónoma da Madeira,R.A. Madeira,0,2027-02-01,2543.3
Região Autónoma da Madeira,R.A. Madeira,0,2027-03-01,2548.2
Região Autónoma da Madeira,R.A. Madeira,15,2026-04-01,2515.6
Região Autónoma da Madeira,R.A. Madeira,15,2026-05-01,2528.0
Região Autónoma da Madeira,R.A. Madeira,15,2026-06-01,2522.3
Região Autónoma da Madeira,R.A. Madeira,15,2026-07-01,2534.1
Região Autónoma da Madeira,R.A. Madeira,15,2026-08-01,2535.0
Região Autónoma da Madeira,R.A. Madeira,15,2026-09-01,2539.7
Região Autónoma da Madeira,R.A. Madeira,15,2026-10-01,2537.6
Região Autónoma da Madeira,R.A. Madeira,15,2026-11-01,2546.5
Região Autónoma da Madeira,R.A. Madeira,15,2026-12-01,2547.5
Região Autónoma da Madeira,R.A. Madeira,15,2027-01-01,2551.8
Região Autónoma da Madeira,R.A. Madeira,15,2027-02-01,2551.4
Região Autónoma da Madeira,R.A. Madeira,15,2027-03-01,2556.3
Região Autónoma da Madeira,R.A. Madeira,30,2026-04-01,2523.7
Região Autónoma da Madeira,R.A. Madeira,30,2026-05-01,2536.1
Região Autónoma da Madeira,R.A. Madeira,30,2026-06-01,2530.4
Região Autónoma da Madeira,R.A. Madeira,30,2026-07-01,2542.2
Região Autónoma da Madeira,R.A. Madeira,30,2026-08-01,2543.1
Região Autónoma da Madeira,R.A. Madeira,30,2026-09-01,2547.8
Região Autónoma da Madeira,R.A. Madeira,30,2026-10-01,2545.7
Região Autónoma da Madeira,R.A. Madeira,30,2026-11-01,2554.6
Região Autónoma da Madeira,R.A. Madeira,30,2026-12-01,2555.6
Região Autónoma da Madeira,R.A. Madeira,30,2027-01-01,2559.9
Região Autónoma da Madeira,R.A. Madeira,30,2027-02-01,2559.5
Região Autónoma da Madeira,R.A. Madeira,30,2027-03-01,2564.4
Região Autónoma da Madeira,R.A. Madeira,50,2026-04-01,2534.5
Região Autónoma da Madeira,R.A. Madeira,50,2026-05-01,2546.9
Região Autónoma da Madeira,R.A. Madeira,50,2026-06-01,2541.2
Região Autónoma da Madeira,R.A. Madeira,50,2026-07-01,2553.0
Região Autónoma da Madeira,R.A. Madeira,50,2026-08-01,2553.9
Região Autónoma da Madeira,R.A. Madeira,50,2026-09-01,2558.6
Região Autónoma da Madeira,R.A. Madeira,50,2026-10-01,2556.5
Região Autónoma da Madeira,R.A. Madeira,50,2026-11-01,2565.5
Região Autónoma da Madeira,R.A. Madeira,50,2026-12-01,2566.4
Região Autónoma da Madeira,R.A. Madeira,50,2027-01-01,2570.7
Região Autónoma da Madeira,R.A. Madeira,50,2027-02-01,2570.3
Região Autónoma da Madeira,R.A. Madeira,50,2027-03-01,2575.2
